person_id,wash_strategy,hedge_strategy,中位财富,首富次数,破产率,平均最终排名,基准中位财富,基准首富次数,基准破产率,中位财富变化,首富次数变化,破产率变化
0,专洗元能力,all in,2.808676709992241,0,0.006,66.511,2.3276190707395656,0,0.007,0.48105763925267553,0,-0.001
1,专洗元能力,all in,1.9873744710853163,0,0.004,71.609,1.7988372213547752,0,0.004,0.1885372497305411,0,0.0
2,专洗元能力,all in,1.7275630843291006,0,0.002,74.263,1.5025707913164865,0,0.002,0.22499229301261403,0,0.0
3,专洗元能力,all in,94.52783619437272,5,0.0,5.084,79.54112347512432,6,0.0,14.986712719248402,-1,0.0
4,专洗元能力,all in,144.86570656745096,63,0.0,2.904,123.82063750400894,71,0.0,21.045069063442014,-8,0.0
5,专洗元能力,all in,6.44862215142467,0,0.0,47.185,5.658934145821389,0,0.0,0.7896880056032813,0,0.0
6,专洗元能力,all in,0.6073405726246484,0,0.247,85.998,0.4654638150738271,0,0.255,0.14187675755082124,0,-0.008000000000000007
7,专洗元能力,all in,69.60411549049441,0,0.0,6.912,60.498187030926076,1,0.0,9.105928459568332,-1,0.0
8,专洗元能力,all in,0.08283646472744416,0,0.198,91.163,0.06439629462366991,0,0.198,0.018440170103774245,0,0.0
9,专洗元能力,all in,108.68498906483856,4,0.001,4.268,92.00060281393826,6,0.001,16.684386250900303,-2,0.0
10,专洗元能力,all in,90.04095499614753,3,0.0,5.296,75.40304769620803,3,0.0,14.6379072999395,0,0.0
11,专洗元能力,all in,0.557597670399887,0,0.007,83.848,0.5237838392896883,0,0.007,0.033813831110198644,0,0.0
12,专洗元能力,all in,29.658442727050055,0,0.0,14.312,24.747898562883975,0,0.0,4.91054416416608,0,0.0
13,专洗元能力,all in,2.340678665383609,0,0.002,69.457,2.1011224275141243,0,0.004,0.23955623786948488,0,-0.002
14,专洗元能力,all in,4.435934882298823,0,0.006,56.792,3.921233540924624,0,0.006,0.5147013413741988,0,0.0
15,专洗元能力,all in,15.628358675498614,0,0.0,23.994,14.101508779008727,0,0.0,1.5268498964898871,0,0.0
16,专洗元能力,all in,9.433604444674916,0,0.0,36.36,7.965321012673945,0,0.0,1.4682834320009714,0,0.0
17,专洗元能力,all in,2.777467723498726,0,0.006,65.789,2.425852454724976,0,0.006,0.35161526877375016,0,0.0
18,专洗元能力,all in,0.7679394918278808,0,0.053,81.819,0.6104236778842989,0,0.05,0.15751581394358194,0,0.0029999999999999957
19,专洗元能力,all in,9.59427086684262,0,0.0,35.685,8.144775032366493,0,0.0,1.449495834476128,0,0.0
20,专洗元能力,all in,13.689635337020125,0,0.0,26.747,11.399461255038638,0,0.0,2.290174081981487,0,0.0
21,专洗元能力,all in,26.253198959154723,0,0.0,16.045,21.98923443149096,0,0.0,4.263964527663763,0,0.0
22,专洗元能力,all in,0.0,0,0.678,92.152,0.0,0,0.68,0.0,0,-0.0020000000000000018
23,专洗元能力,all in,36.99250055555325,0,0.0,12.139,32.99317823628486,0,0.0,3.999322319268387,0,0.0
24,专洗元能力,all in,1.3420568834853195,0,0.003,77.444,1.1682767488840589,0,0.006,0.17378013460126063,0,-0.003
25,专洗元能力,all in,1.952612421844135,0,0.003,72.148,1.7314558486014893,0,0.003,0.2211565732426457,0,0.0
26,专洗元能力,all in,14.019510303699231,0,0.0,27.394,12.387838753017512,0,0.0,1.6316715506817197,0,0.0
27,专洗元能力,all in,1.8353036127591271,0,0.01,73.476,1.5962544902802027,0,0.01,0.2390491224789244,0,0.0
28,专洗元能力,all in,1.4440546749043954,0,0.004,77.325,1.2769436834708632,0,0.005,0.16711099143353225,0,-0.001
29,专洗元能力,all in,23.93101816507466,0,0.0,17.14,19.984148773674093,0,0.0,3.9468693914005684,0,0.0
30,专洗元能力,all in,7.313578639279909,0,0.0,43.754,6.186797454253101,0,0.0,1.1267811850268075,0,0.0
31,专洗元能力,all in,2.1289366738016398,0,0.008,71.116,2.0563818172694583,0,0.008,0.07255485653218141,0,0.0
32,专洗元能力,all in,10.631102990351252,0,0.0,33.56,9.565354242106583,0,0.0,1.065748748244669,0,0.0
33,专洗元能力,all in,66.32063219615168,0,0.0,7.21,57.274761575098665,0,0.0,9.045870621053012,0,0.0
34,专洗元能力,all in,2.1334748890886504,0,0.002,71.124,2.059865415965752,0,0.002,0.07360947312289845,0,0.0
35,专洗元能力,all in,1.3434083580842935,0,0.049,75.9,1.1385834148805398,0,0.047,0.20482494320375366,0,0.0020000000000000018
36,专洗元能力,all in,6.619134322597528,0,0.0,46.739,5.7072662649538906,0,0.0,0.9118680576436375,0,0.0
37,专洗元能力,all in,15.035633994109311,0,0.015,26.662,12.63475840537389,0,0.012,2.4008755887354205,0,0.002999999999999999
38,专洗元能力,all in,1.983013149224102,0,0.022,71.526,1.7139413581031855,0,0.023,0.2690717911209166,0,-0.0010000000000000009
39,专洗元能力,all in,9.07215158557445,0,0.0,38.59,8.910180588851645,0,0.0,0.16197099672280402,0,0.0
40,专洗元能力,all in,1.5692425688720952,0,0.004,75.214,1.4221510990959696,0,0.004,0.14709146977612564,0,0.0
41,专洗元能力,all in,4.690655087343478,0,0.0,55.036,4.040600830657732,0,0.001,0.6500542566857455,0,-0.001
42,专洗元能力,all in,8.203114914999677,0,0.0,41.045,6.990288142669466,0,0.0,1.212826772330211,0,0.0
43,专洗元能力,all in,6.412993521636515,0,0.0,47.348,5.503928993799726,0,0.0,0.9090645278367884,0,0.0
44,专洗元能力,all in,4.835765493547484,0,0.006,54.471,4.15224503351325,0,0.007,0.6835204600342344,0,-0.001
45,专洗元能力,all in,34.08323359778814,0,0.0,12.699,28.684055028248316,0,0.0,5.399178569539821,0,0.0
46,专洗元能力,all in,2.5141682916757255,0,0.001,68.531,2.3889416634571283,0,0.001,0.1252266282185972,0,0.0
47,专洗元能力,all in,8.777478891072944,0,0.0,38.674,7.767513968203602,0,0.0,1.009964922869342,0,0.0
48,专洗元能力,all in,6.054703060062576,0,0.0,48.469,5.709887240787102,0,0.0,0.3448158192754738,0,0.0
49,专洗元能力,all in,41.03420883065475,0,0.0,11.083,35.04475878368849,0,0.0,5.989450046966255,0,0.0
50,专洗元能力,all in,0.9188274021382843,0,0.035,81.556,0.7286329812237062,0,0.037,0.19019442091457806,0,-0.001999999999999995
51,专洗元能力,all in,14.818915735269872,0,0.0,25.485,12.687938833620464,0,0.0,2.130976901649408,0,0.0
52,专洗元能力,all in,16.091933447871952,0,0.001,26.011,15.0865873452791,0,0.001,1.0053461025928527,0,0.0
53,专洗元能力,all in,21.41112439395667,0,0.0,18.989,18.28219988834769,0,0.0,3.1289245056089783,0,0.0
54,专洗元能力,all in,40.3271980871031,0,0.0,11.179,33.94118888720252,0,0.0,6.3860091999005775,0,0.0
55,专洗元能力,all in,283.864195707253,922,0.0,1.088,235.33967458397376,907,0.0,48.524521123279214,15,0.0
56,专洗元能力,all in,1.0364665580083325,0,0.085,80.06,0.8292119114040448,0,0.085,0.20725464660428772,0,0.0
57,专洗元能力,all in,5.902021126010544,0,0.001,50.565,5.564453551052868,0,0.001,0.3375675749576761,0,0.0
58,专洗元能力,all in,0.0,0,0.661,93.98,0.0,0,0.661,0.0,0,0.0
59,专洗元能力,all in,13.790754629893627,0,0.0,27.421,12.142529093534108,0,0.0,1.6482255363595186,0,0.0
60,专洗元能力,all in,4.045957482118323,0,0.0,58.963,3.4188341383453773,0,0.0,0.6271233437729453,0,0.0
61,专洗元能力,all in,7.4879663266038845,0,0.0,42.946,6.872750114107154,0,0.0,0.6152162124967306,0,0.0
62,专洗元能力,all in,10.386884295335944,0,0.0,34.085,8.737042641768536,0,0.0,1.6498416535674085,0,0.0
63,专洗元能力,all in,0.19596054001140706,0,0.012,89.153,0.17596363384834796,0,0.012,0.019996906163059103,0,0.0
64,专洗元能力,all in,16.76751448215603,0,0.0,23.582,14.735584163626546,0,0.0,2.0319303185294846,0,0.0
65,专洗元能力,all in,6.254174583718919,0,0.001,49.072,5.853608780696167,0,0.001,0.4005658030227526,0,0.0
66,专洗元能力,all in,20.194945135163984,0,0.0,20.259,17.28563639875115,0,0.0,2.9093087364128323,0,0.0
67,专洗元能力,all in,15.338129103728003,0,0.0,24.418,12.782760040917642,0,0.0,2.5553690628103602,0,0.0
68,专洗元能力,all in,7.879432254870155,0,0.0,41.563,7.058302494309155,0,0.0,0.821129760561,0,0.0
69,专洗元能力,all in,8.37303813888782,0,0.001,40.465,7.254597111013364,0,0.001,1.1184410278744554,0,0.0
70,专洗元能力,all in,12.40188823300936,0,0.0,29.529,10.464207622526544,0,0.0,1.9376806104828166,0,0.0
71,专洗元能力,all in,0.43926005706660887,0,0.181,83.526,0.34689112742873496,0,0.181,0.09236892963787391,0,0.0
72,专洗元能力,all in,7.168431151576157,0,0.0,44.813,6.147265077684807,0,0.0,1.02116607389135,0,0.0
73,专洗元能力,all in,0.3645697232252875,0,0.052,86.594,0.28744120933045625,0,0.052,0.07712851389483127,0,0.0
74,专洗元能力,all in,6.045963584565005,0,0.0,48.572,5.082364926332014,0,0.0,0.963598658232991,0,0.0
75,专洗元能力,all in,4.305241524438371,0,0.001,57.264,3.7237711437968763,0,0.001,0.5814703806414943,0,0.0
76,专洗元能力,all in,0.1250371506448044,0,0.191,92.784,0.09797449652395124,0,0.191,0.027062654120853152,0,0.0
77,专洗元能力,all in,0.8355788312721445,0,0.073,79.494,0.6827574638616203,0,0.071,0.1528213674105242,0,0.0020000000000000018
78,专洗元能力,all in,9.483657325001158,0,0.0,36.613,8.584151474445727,0,0.0,0.8995058505554301,0,0.0
79,专洗元能力,all in,0.20941276987245488,0,0.021,88.843,0.16347512695137606,0,0.021,0.045937642921078825,0,0.0
80,专洗元能力,all in,0.4718618182999883,0,0.061,85.241,0.3734182312393791,0,0.061,0.09844358706060918,0,0.0
81,专洗元能力,all in,2.050910602766827,0,0.003,71.922,1.8565699909158804,0,0.003,0.19434061185094675,0,0.0
82,专洗元能力,all in,0.35767579820377626,0,0.048,85.901,0.27966541735452594,0,0.048,0.07801038084925033,0,0.0
83,专洗元能力,all in,0.679137613521224,0,0.014,82.61,0.6192951156534751,0,0.014,0.05984249786774898,0,0.0
84,专洗元能力,all in,16.552951484816163,0,0.0,23.317,14.03902256727573,0,0.0,2.513928917540433,0,0.0
85,专洗元能力,all in,0.022738243856226394,0,0.286,91.554,0.017941613492746547,0,0.286,0.0047966303634798466,0,0.0
86,专洗元能力,all in,6.491410042036951,0,0.0,46.684,5.601488714240704,0,0.0,0.8899213277962472,0,0.0
87,专洗元能力,all in,7.17156314725873,0,0.008,46.016,6.766361851070185,0,0.007,0.4052012961885447,0,0.001
88,专洗元能力,all in,2.6965147063137924,0,0.009,66.752,2.2404249856452383,0,0.01,0.45608972066855413,0,-0.0010000000000000009
89,专洗元能力,all in,6.285640239393409,0,0.001,47.599,5.586893749581442,0,0.001,0.6987464898119669,0,0.0
90,专洗元能力,all in,0.19903364961749354,0,0.185,89.57,0.15601022163850847,0,0.185,0.04302342797898506,0,0.0
91,专洗元能力,all in,36.31106244406677,0,0.0,12.431,30.87507710191974,0,0.0,5.435985342147031,0,0.0
92,专洗元能力,all in,7.801755604774716,0,0.001,43.221,7.595164509978144,0,0.001,0.2065910947965719,0,0.0
93,专洗元能力,all in,0.0,0,0.683,96.101,0.0,0,0.683,0.0,0,0.0
94,专洗元能力,all in,9.048734143646389,0,0.0,37.459,7.8432225263592805,0,0.0,1.205511617287108,0,0.0
95,专洗元能力,all in,0.1263478941743942,0,0.198,92.28,0.09845522270332946,0,0.198,0.02789267147106475,0,0.0
96,专洗元能力,all in,2.924999641369829,0,0.052,66.188,2.4201559780225637,0,0.054,0.5048436633472653,0,-0.0020000000000000018
97,专洗元能力,all in,5.008104960178507,0,0.0,53.553,4.305388839201225,0,0.0,0.7027161209772821,0,0.0
98,专洗元能力,all in,86.4275455013358,3,0.0,5.582,74.24627986144331,6,0.0,12.181265639892487,-3,0.0
99,专洗元能力,all in,4.316802312428429,0,0.0,57.137,3.8695469769625883,0,0.0,0.4472553354658406,0,0.0
0,专洗元能力,对冲,2.5926948199376154,0,0.004,67.218,2.3276190707395656,0,0.007,0.26507574919804977,0,-0.003
1,专洗元能力,对冲,1.9301883076343553,0,0.003,71.545,1.7988372213547752,0,0.004,0.13135108627958014,0,-0.001
2,专洗元能力,对冲,1.6032067019580896,0,0.002,74.77,1.5025707913164865,0,0.002,0.10063591064160304,0,0.0
3,专洗元能力,对冲,85.075580675197,2,0.0,5.155,79.54112347512432,6,0.0,5.53445720007268,-4,0.0
4,专洗元能力,对冲,134.1842199758372,48,0.0,2.8819999999999997,123.82063750400894,71,0.0,10.363582471828266,-23,0.0
5,专洗元能力,对冲,6.238401359040985,0,0.0,47.181,5.658934145821389,0,0.0,0.5794672132195959,0,0.0
6,专洗元能力,对冲,0.568874367042646,0,0.243,86.256,0.4654638150738271,0,0.255,0.10341055196881893,0,-0.01200000000000001
7,专洗元能力,对冲,65.56023525931951,0,0.0,6.805,60.498187030926076,1,0.0,5.0620482283934365,-1,0.0
8,专洗元能力,对冲,0.0799697375733189,0,0.198,91.258,0.06439629462366991,0,0.198,0.015573442949648991,0,0.0
9,专洗元能力,对冲,102.79571900953437,4,0.0,4.0,92.00060281393826,6,0.001,10.795116195596108,-2,-0.001
10,专洗元能力,对冲,82.10672142275078,0,0.0,5.346,75.40304769620803,3,0.0,6.703673726542746,-3,0.0
11,专洗元能力,对冲,0.5504694774937312,0,0.007,83.857,0.5237838392896883,0,0.007,0.026685638204042905,0,0.0
12,专洗元能力,对冲,27.447154555282516,0,0.0,14.329,24.747898562883975,0,0.0,2.699255992398541,0,0.0
13,专洗元能力,对冲,2.255518733363557,0,0.001,69.598,2.1011224275141243,0,0.004,0.15439630584943265,0,-0.003
14,专洗元能力,对冲,4.3107126528404365,0,0.001,56.492,3.921233540924624,0,0.006,0.3894791119158123,0,-0.005
15,专洗元能力,对冲,14.668849324183903,0,0.0,24.134,14.101508779008727,0,0.0,0.5673405451751758,0,0.0
16,专洗元能力,对冲,8.609250978448372,0,0.0,37.624,7.965321012673945,0,0.0,0.6439299657744275,0,0.0
17,专洗元能力,对冲,2.6903566292879075,0,0.001,65.825,2.425852454724976,0,0.006,0.26450417456293174,0,-0.005
18,专洗元能力,对冲,0.7319171572336098,0,0.041,81.912,0.6104236778842989,0,0.05,0.12149347934931098,0,-0.009000000000000001
19,专洗元能力,对冲,9.034755941963308,0,0.0,36.024,8.144775032366493,0,0.0,0.8899809095968152,0,0.0
20,专洗元能力,对冲,12.659427008347237,0,0.0,27.246,11.399461255038638,0,0.0,1.2599657533085988,0,0.0
21,专洗元能力,对冲,24.430860182926256,0,0.0,15.927,21.98923443149096,0,0.0,2.4416257514352964,0,0.0
22,专洗元能力,对冲,0.0,0,0.678,92.219,0.0,0,0.68,0.0,0,-0.0020000000000000018
23,专洗元能力,对冲,35.68921198875216,0,0.0,11.807,32.99317823628486,0,0.0,2.696033752467301,0,0.0
24,专洗元能力,对冲,1.2702216895491139,0,0.002,77.804,1.1682767488840589,0,0.006,0.101944940665055,0,-0.004
25,专洗元能力,对冲,1.871478034371223,0,0.0,72.488,1.7314558486014893,0,0.003,0.1400221857697337,0,-0.003
26,专洗元能力,对冲,13.514849805418502,0,0.0,26.727,12.387838753017512,0,0.0,1.1270110524009898,0,0.0
27,专洗元能力,对冲,1.722912424721019,0,0.003,73.821,1.5962544902802027,0,0.01,0.1266579344408163,0,-0.007
28,专洗元能力,对冲,1.355325696511899,0,0.004,77.659,1.2769436834708632,0,0.005,0.07838201304103576,0,-0.001
29,专洗元能力,对冲,22.10609167785399,0,0.0,17.192,19.984148773674093,0,0.0,2.121942904179896,0,0.0
30,专洗元能力,对冲,6.84700301039466,0,0.0,44.235,6.186797454253101,0,0.0,0.660205556141559,0,0.0
31,专洗元能力,对冲,2.113727711497946,0,0.003,70.831,2.0563818172694583,0,0.008,0.05734589422848746,0,-0.005
32,专洗元能力,对冲,10.03177953789599,0,0.0,33.597,9.565354242106583,0,0.0,0.4664252957894064,0,0.0
33,专洗元能力,对冲,60.68546801246107,0,0.0,7.292,57.274761575098665,0,0.0,3.410706437362407,0,0.0
34,专洗元能力,对冲,2.105204433438492,0,0.001,70.94,2.059865415965752,0,0.002,0.04533901747273994,0,-0.001
35,专洗元能力,对冲,1.2852876742634745,0,0.034,75.925,1.1385834148805398,0,0.047,0.14670425938293463,0,-0.012999999999999998
36,专洗元能力,对冲,6.273225970532842,0,0.0,46.704,5.7072662649538906,0,0.0,0.5659597055789511,0,0.0
37,专洗元能力,对冲,14.599966905403859,0,0.0,24.517,12.63475840537389,0,0.012,1.9652085000299682,0,-0.012
38,专洗元能力,对冲,1.933194159524772,0,0.01,71.406,1.7139413581031855,0,0.023,0.21925280142158643,0,-0.013
39,专洗元能力,对冲,9.094560973154628,0,0.0,37.534,8.910180588851645,0,0.0,0.1843803843029832,0,0.0
40,专洗元能力,对冲,1.5136880949481748,0,0.004,75.404,1.4221510990959696,0,0.004,0.0915369958522052,0,0.0
41,专洗元能力,对冲,4.474604577913025,0,0.0,55.2,4.040600830657732,0,0.001,0.4340037472552929,0,-0.001
42,专洗元能力,对冲,7.7381580805355625,0,0.0,41.093,6.990288142669466,0,0.0,0.7478699378660965,0,0.0
43,专洗元能力,对冲,5.994570930403395,0,0.0,48.129,5.503928993799726,0,0.0,0.4906419366036685,0,0.0
44,专洗元能力,对冲,4.624002795711377,0,0.0,54.414,4.15224503351325,0,0.007,0.47175776219812704,0,-0.007
45,专洗元能力,对冲,30.575126525431294,0,0.0,13.09,28.684055028248316,0,0.0,1.8910714971829776,0,0.0
46,专洗元能力,对冲,2.493523370333144,0,0.001,68.178,2.3889416634571283,0,0.001,0.10458170687601553,0,0.0
47,专洗元能力,对冲,8.39605402608089,0,0.0,38.544,7.767513968203602,0,0.0,0.628540057877288,0,0.0
48,专洗元能力,对冲,5.929576968966277,0,0.0,48.084,5.709887240787102,0,0.0,0.21968972817917454,0,0.0
49,专洗元能力,对冲,38.281708704170356,0,0.0,10.949,35.04475878368849,0,0.0,3.2369499204818624,0,0.0
50,专洗元能力,对冲,0.8131631752394441,0,0.032,82.08,0.7286329812237062,0,0.037,0.08453019401573791,0,-0.0049999999999999975
51,专洗元能力,对冲,13.968916351026166,0,0.0,25.615,12.687938833620464,0,0.0,1.2809775174057023,0,0.0
52,专洗元能力,对冲,15.92288053939345,0,0.0,24.823,15.0865873452791,0,0.001,0.8362931941143508,0,-0.001
53,专洗元能力,对冲,20.221728582546554,0,0.0,18.835,18.28219988834769,0,0.0,1.939528694198863,0,0.0
54,专洗元能力,对冲,37.06897674818612,0,0.0,11.15,33.94118888720252,0,0.0,3.127787860983595,0,0.0
55,专洗元能力,对冲,265.65258697075666,944,0.0,1.06,235.33967458397376,907,0.0,30.312912386782898,37,0.0
56,专洗元能力,对冲,0.9911078241645933,0,0.056,80.093,0.8292119114040448,0,0.085,0.1618959127605485,0,-0.029000000000000005
57,专洗元能力,对冲,5.882096463111594,0,0.0,49.586,5.564453551052868,0,0.001,0.3176429120587265,0,-0.001
58,专洗元能力,对冲,0.0,0,0.661,94.088,0.0,0,0.661,0.0,0,0.0
59,专洗元能力,对冲,13.375890814852088,0,0.0,26.804,12.142529093534108,0,0.0,1.23336172131798,0,0.0
60,专洗元能力,对冲,3.776902555634595,0,0.0,59.701,3.4188341383453773,0,0.0,0.3580684172892177,0,0.0
61,专洗元能力,对冲,7.308133851728881,0,0.0,42.613,6.872750114107154,0,0.0,0.4353837376217271,0,0.0
62,专洗元能力,对冲,9.877812597222162,0,0.0,33.982,8.737042641768536,0,0.0,1.1407699554536261,0,0.0
63,专洗元能力,对冲,0.18910385838935212,0,0.006,89.276,0.17596363384834796,0,0.012,0.013140224541004164,0,-0.006
64,专洗元能力,对冲,16.114859519106034,0,0.0,23.218,14.735584163626546,0,0.0,1.3792753554794874,0,0.0
65,专洗元能力,对冲,6.167037938076602,0,0.001,48.379,5.853608780696167,0,0.001,0.3134291573804351,0,0.0
66,专洗元能力,对冲,19.110049753081547,0,0.0,20.099,17.28563639875115,0,0.0,1.824413354330396,0,0.0
67,专洗元能力,对冲,13.990602844473127,0,0.0,25.071,12.782760040917642,0,0.0,1.2078428035554847,0,0.0
68,专洗元能力,对冲,7.55695177018524,0,0.0,41.477,7.058302494309155,0,0.0,0.498649275876085,0,0.0
69,专洗元能力,对冲,7.988135693252716,0,0.0,40.137,7.254597111013364,0,0.001,0.7335385822393521,0,-0.001
70,专洗元能力,对冲,11.567613426974898,0,0.0,29.752,10.464207622526544,0,0.0,1.1034058044483537,0,0.0
71,专洗元能力,对冲,0.4278949296833127,0,0.179,83.507,0.34689112742873496,0,0.181,0.08100380225457776,0,-0.0020000000000000018
72,专洗元能力,对冲,6.926867874312666,0,0.0,44.152,6.147265077684807,0,0.0,0.7796027966278594,0,0.0
73,专洗元能力,对冲,0.345048757566305,0,0.044,86.67,0.28744120933045625,0,0.052,0.05760754823584874,0,-0.008
74,专洗元能力,对冲,5.582575078744014,0,0.0,49.967,5.082364926332014,0,0.0,0.5002101524120004,0,0.0
75,专洗元能力,对冲,4.078102164815942,0,0.0,57.656,3.7237711437968763,0,0.001,0.35433102101906533,0,-0.001
76,专洗元能力,对冲,0.11808409658775004,0,0.187,92.872,0.09797449652395124,0,0.191,0.020109600063798805,0,-0.0040000000000000036
77,专洗元能力,对冲,0.7945927171003597,0,0.057,79.429,0.6827574638616203,0,0.071,0.11183525323873944,0,-0.013999999999999992
78,专洗元能力,对冲,9.051047595181764,0,0.0,36.556,8.584151474445727,0,0.0,0.4668961207360365,0,0.0
79,专洗元能力,对冲,0.19596264617223866,0,0.016,88.938,0.16347512695137606,0,0.021,0.0324875192208626,0,-0.005000000000000001
80,专洗元能力,对冲,0.44550293938742763,0,0.055,85.358,0.3734182312393791,0,0.061,0.07208470814804852,0,-0.005999999999999998
81,专洗元能力,对冲,1.982862258013831,0,0.001,71.971,1.8565699909158804,0,0.003,0.12629226709795072,0,-0.002
82,专洗元能力,对冲,0.34267293934876586,0,0.046,85.979,0.27966541735452594,0,0.048,0.06300752199423992,0,-0.0020000000000000018
83,专洗元能力,对冲,0.6641623922683373,0,0.01,82.653,0.6192951156534751,0,0.014,0.04486727661486223,0,-0.004
84,专洗元能力,对冲,15.780169149060157,0,0.0,23.136,14.03902256727573,0,0.0,1.7411465817844274,0,0.0
85,专洗元能力,对冲,0.02237957271033265,0,0.286,91.577,0.017941613492746547,0,0.286,0.004437959217586104,0,0.0
86,专洗元能力,对冲,6.056913096327364,0,0.0,47.43,5.601488714240704,0,0.0,0.4554243820866599,0,0.0
87,专洗元能力,对冲,7.112572803959422,0,0.003,45.073,6.766361851070185,0,0.007,0.346210952889237,0,-0.004
88,专洗元能力,对冲,2.511263378797807,0,0.001,67.421,2.2404249856452383,0,0.01,0.27083839315256864,0,-0.009000000000000001
89,专洗元能力,对冲,6.0595425803806515,0,0.001,47.474,5.586893749581442,0,0.001,0.4726488307992094,0,0.0
90,专洗元能力,对冲,0.19120754350186944,0,0.184,89.631,0.15601022163850847,0,0.185,0.03519732186336097,0,-0.0010000000000000009
91,专洗元能力,对冲,34.36727193659314,0,0.0,12.158,30.87507710191974,0,0.0,3.492194834673402,0,0.0
92,专洗元能力,对冲,7.770558700707321,0,0.001,42.125,7.595164509978144,0,0.001,0.17539419072917717,0,0.0
93,专洗元能力,对冲,0.0,0,0.683,96.155,0.0,0,0.683,0.0,0,0.0
94,专洗元能力,对冲,8.646894276233446,0,0.0,37.669,7.8432225263592805,0,0.0,0.8036717498741659,0,0.0
95,专洗元能力,对冲,0.12001950422335275,0,0.196,92.365,0.09845522270332946,0,0.198,0.021564281520023293,0,-0.0020000000000000018
96,专洗元能力,对冲,2.7492235898713115,0,0.031,66.316,2.4201559780225637,0,0.054,0.3290676118487479,0,-0.023
97,专洗元能力,对冲,4.691429043755363,0,0.0,54.313,4.305388839201225,0,0.0,0.38604020455413846,0,0.0
98,专洗元能力,对冲,81.54344282775544,2,0.0,5.431,74.24627986144331,6,0.0,7.297162966312129,-4,0.0
99,专洗元能力,对冲,4.181955769196378,0,0.0,57.012,3.8695469769625883,0,0.0,0.3124087922337897,0,0.0
0,随机洗,all in,2.5353516013563,0,0.009,67.547,2.3276190707395656,0,0.007,0.20773253061673458,0,0.001999999999999999
1,随机洗,all in,1.9257154942831831,0,0.007,72.052,1.7988372213547752,0,0.004,0.12687827292840792,0,0.003
2,随机洗,all in,1.648661370379879,0,0.004,74.548,1.5025707913164865,0,0.002,0.1460905790633924,0,0.002
3,随机洗,all in,90.67821340713989,9,0.0,5.013,79.54112347512432,6,0.0,11.13708993201557,3,0.0
4,随机洗,all in,137.2821479307535,78,0.0,2.955,123.82063750400894,71,0.0,13.461510426744553,7,0.0
5,随机洗,all in,6.101184916481468,0,0.0,47.258,5.658934145821389,0,0.0,0.44225077066007934,0,0.0
6,随机洗,all in,0.5352008950332611,0,0.238,86.134,0.4654638150738271,0,0.255,0.06973707995943396,0,-0.017000000000000015
7,随机洗,all in,67.55955168242298,0,0.0,6.972,60.498187030926076,1,0.0,7.061364651496902,-1,0.0
8,随机洗,all in,0.07262070360575623,0,0.203,91.32,0.06439629462366991,0,0.198,0.008224408982086318,0,0.0050000000000000044
9,随机洗,all in,101.09448647169674,13,0.001,4.413,92.00060281393826,6,0.001,9.093883657758482,7,0.0
10,随机洗,all in,86.83919504212454,4,0.0,5.219,75.40304769620803,3,0.0,11.43614734591651,1,0.0
11,随机洗,all in,0.5681432639269884,0,0.011,83.086,0.5237838392896883,0,0.007,0.04435942463730014,0,0.003999999999999999
12,随机洗,all in,27.43137393488005,0,0.0,14.514,24.747898562883975,0,0.0,2.6834753719960744,0,0.0
13,随机洗,all in,2.345008849833207,0,0.003,68.6,2.1011224275141243,0,0.004,0.24388642231908264,0,-0.001
14,随机洗,all in,4.174999733700346,0,0.005,56.741,3.921233540924624,0,0.006,0.2537661927757222,0,-0.001
15,随机洗,all in,15.047359710690678,0,0.0,23.838,14.101508779008727,0,0.0,0.9458509316819512,0,0.0
16,随机洗,all in,8.867303099588646,0,0.0,36.624,7.965321012673945,0,0.0,0.9019820869147015,0,0.0
17,随机洗,all in,2.5859652489710716,0,0.008,66.617,2.425852454724976,0,0.006,0.1601127942460958,0,0.002
18,随机洗,all in,0.6982229628288315,0,0.078,82.278,0.6104236778842989,0,0.05,0.0877992849445326,0,0.027999999999999997
19,随机洗,all in,9.431382408838179,0,0.0,35.15,8.144775032366493,0,0.0,1.2866073764716859,0,0.0
20,随机洗,all in,12.906167122486648,0,0.0,27.264,11.399461255038638,0,0.0,1.5067058674480105,0,0.0
21,随机洗,all in,24.73103321710644,0,0.001,16.304000000000002,21.98923443149096,0,0.0,2.7417987856154795,0,0.001
22,随机洗,all in,0.0,0,0.667,91.631,0.0,0,0.68,0.0,0,-0.013000000000000012
23,随机洗,all in,35.56232819756728,0,0.0,12.284,32.99317823628486,0,0.0,2.5691499612824202,0,0.0
24,随机洗,all in,1.2730613083977316,0,0.007,77.67,1.1682767488840589,0,0.006,0.10478455951367271,0,0.001
25,随机洗,all in,1.9106351898476035,0,0.005,72.157,1.7314558486014893,0,0.003,0.17917934124611423,0,0.002
26,随机洗,all in,13.43464157831951,0,0.0,27.595,12.387838753017512,0,0.0,1.0468028253019988,0,0.0
27,随机洗,all in,1.7701490845751109,0,0.003,73.509,1.5962544902802027,0,0.01,0.17389459429490817,0,-0.007
28,随机洗,all in,1.3810884064237408,0,0.003,77.007,1.2769436834708632,0,0.005,0.10414472295287758,0,-0.002
29,随机洗,all in,23.057822190262353,0,0.0,16.901,19.984148773674093,0,0.0,3.07367341658826,0,0.0
30,随机洗,all in,7.144916376043938,0,0.0,43.205,6.186797454253101,0,0.0,0.9581189217908364,0,0.0
31,随机洗,all in,2.0318044310191317,0,0.002,70.282,2.0563818172694583,0,0.008,-0.024577386250326683,0,-0.006
32,随机洗,all in,10.020759195388955,0,0.0,33.539,9.565354242106583,0,0.0,0.45540495328237185,0,0.0
33,随机洗,all in,62.341347819828684,0,0.0,7.371,57.274761575098665,0,0.0,5.0665862447300185,0,0.0
34,随机洗,all in,2.088314098364006,0,0.004,70.966,2.059865415965752,0,0.002,0.028448682398253933,0,0.002
35,随机洗,all in,1.3725368592868947,0,0.033,75.127,1.1385834148805398,0,0.047,0.2339534444063549,0,-0.013999999999999999
36,随机洗,all in,6.188141841371037,0,0.0,46.899,5.7072662649538906,0,0.0,0.4808755764171462,0,0.0
37,随机洗,all in,14.028439545011008,0,0.006,27.215,12.63475840537389,0,0.012,1.393681139637117,0,-0.006
38,随机洗,all in,1.8660978136127877,0,0.027,71.062,1.7139413581031855,0,0.023,0.15215645550960222,0,0.004
39,随机洗,all in,8.830058042006065,0,0.001,38.149,8.910180588851645,0,0.0,-0.08012254684557973,0,0.001
40,随机洗,all in,1.511108146593718,0,0.009,75.362,1.4221510990959696,0,0.004,0.08895704749774835,0,0.004999999999999999
41,随机洗,all in,4.35949662433721,0,0.001,55.653,4.040600830657732,0,0.001,0.31889579367947807,0,0.0
42,随机洗,all in,7.610425200456001,0,0.001,41.647,6.990288142669466,0,0.0,0.6201370577865353,0,0.001
43,随机洗,all in,6.050078257952807,0,0.0,47.804,5.503928993799726,0,0.0,0.5461492641530805,0,0.0
44,随机洗,all in,4.534527234320712,0,0.006,55.314,4.15224503351325,0,0.007,0.3822822008074622,0,-0.001
45,随机洗,all in,31.351269224389814,0,0.0,12.929,28.684055028248316,0,0.0,2.6672141961414972,0,0.0
46,随机洗,all in,2.3727777955481844,0,0.007,68.923,2.3889416634571283,0,0.001,-0.016163867908943974,0,0.006
47,随机洗,all in,8.292191873880917,0,0.0,39.011,7.767513968203602,0,0.0,0.524677905677315,0,0.0
48,随机洗,all in,5.899891443946425,0,0.0,48.055,5.709887240787102,0,0.0,0.19000420315932232,0,0.0
49,随机洗,all in,39.560666022486146,0,0.0,10.947,35.04475878368849,0,0.0,4.515907238797652,0,0.0
50,随机洗,all in,0.8491799293564112,0,0.037,81.849,0.7286329812237062,0,0.037,0.12054694813270495,0,0.0
51,随机洗,all in,13.933139291306249,0,0.0,25.95,12.687938833620464,0,0.0,1.245200457685785,0,0.0
52,随机洗,all in,15.051552058878684,0,0.0,26.056,15.0865873452791,0,0.001,-0.03503528640041509,0,-0.001
53,随机洗,all in,20.285953334417435,0,0.0,19.226,18.28219988834769,0,0.0,2.0037534460697444,0,0.0
54,随机洗,all in,37.92321405241054,0,0.0,11.203,33.94118888720252,0,0.0,3.9820251652080216,0,0.0
55,随机洗,all in,261.94342015017827,891,0.0,1.1360000000000001,235.33967458397376,907,0.0,26.60374556620451,-16,0.0
56,随机洗,all in,1.060108120762381,0,0.078,78.913,0.8292119114040448,0,0.085,0.2308962093583362,0,-0.007000000000000006
57,随机洗,all in,5.840180362762368,0,0.004,49.982,5.564453551052868,0,0.001,0.2757268117095002,0,0.003
58,随机洗,all in,0.0,0,0.705,94.139,0.0,0,0.661,0.0,0,0.04399999999999993
59,随机洗,all in,13.890439731304031,0,0.001,26.732,12.142529093534108,0,0.0,1.7479106377699232,0,0.001
60,随机洗,all in,3.8163158106964032,0,0.001,59.181,3.4188341383453773,0,0.0,0.39748167235102594,0,0.001
61,随机洗,all in,7.487661550536849,0,0.0,41.972,6.872750114107154,0,0.0,0.6149114364296953,0,0.0
62,随机洗,all in,10.080467442037929,0,0.0,34.087,8.737042641768536,0,0.0,1.3434248002693927,0,0.0
63,随机洗,all in,0.1934798846913304,0,0.016,88.863,0.17596363384834796,0,0.012,0.017516250842982445,0,0.004
64,随机洗,all in,16.133705197101513,0,0.0,23.417,14.735584163626546,0,0.0,1.3981210334749665,0,0.0
65,随机洗,all in,6.237642346094421,0,0.002,47.406,5.853608780696167,0,0.001,0.38403356539825406,0,0.001
66,随机洗,all in,18.367788616165384,0,0.0,20.797,17.28563639875115,0,0.0,1.082152217414233,0,0.0
67,随机洗,all in,14.189813334907338,0,0.0,25.102,12.782760040917642,0,0.0,1.407053293989696,0,0.0
68,随机洗,all in,7.587108456018443,0,0.0,41.158,7.058302494309155,0,0.0,0.5288059617092884,0,0.0
69,随机洗,all in,7.93770419696531,0,0.0,40.765,7.254597111013364,0,0.001,0.6831070859519457,0,-0.001
70,随机洗,all in,11.727032756663256,0,0.0,29.814,10.464207622526544,0,0.0,1.2628251341367118,0,0.0
71,随机洗,all in,0.3789835427255053,0,0.2,83.504,0.34689112742873496,0,0.181,0.032092415296770316,0,0.019000000000000017
72,随机洗,all in,6.811712813266196,0,0.001,45.066,6.147265077684807,0,0.0,0.6644477355813887,0,0.001
73,随机洗,all in,0.32612471396892306,0,0.058,86.636,0.28744120933045625,0,0.052,0.038683504638466815,0,0.006000000000000005
74,随机洗,all in,5.753830528478049,0,0.0,48.801,5.082364926332014,0,0.0,0.6714656021460348,0,0.0
75,随机洗,all in,3.984297302179179,0,0.001,58.132,3.7237711437968763,0,0.001,0.26052615838230286,0,0.0
76,随机洗,all in,0.11585548040270889,0,0.19,92.408,0.09797449652395124,0,0.191,0.017880983878757653,0,-0.0010000000000000009
77,随机洗,all in,0.792608402370146,0,0.09,79.585,0.6827574638616203,0,0.071,0.10985093850852568,0,0.019000000000000003
78,随机洗,all in,9.047517887016397,0,0.0,36.513,8.584151474445727,0,0.0,0.4633664125706698,0,0.0
79,随机洗,all in,0.20454812893273439,0,0.023,88.306,0.16347512695137606,0,0.021,0.041073001981358326,0,0.0019999999999999983
80,随机洗,all in,0.41054462852867524,0,0.06,85.427,0.3734182312393791,0,0.061,0.03712639728929612,0,-0.0010000000000000009
81,随机洗,all in,1.8642045336199362,0,0.004,72.26,1.8565699909158804,0,0.003,0.007634542704055836,0,0.001
82,随机洗,all in,0.30162785289209953,0,0.063,86.525,0.27966541735452594,0,0.048,0.0219624355375736,0,0.015
83,随机洗,all in,0.6927487773721376,0,0.014,81.822,0.6192951156534751,0,0.014,0.07345366171866252,0,0.0
84,随机洗,all in,15.347664910683116,0,0.0,23.892,14.03902256727573,0,0.0,1.3086423434073868,0,0.0
85,随机洗,all in,0.021373851592226482,0,0.298,90.918,0.017941613492746547,0,0.286,0.0034322380994799354,0,0.01200000000000001
86,随机洗,all in,6.175961588788638,0,0.0,47.098,5.601488714240704,0,0.0,0.5744728745479346,0,0.0
87,随机洗,all in,7.193647859868992,0,0.007,44.92,6.766361851070185,0,0.007,0.4272860087988075,0,0.0
88,随机洗,all in,2.5270258637191123,0,0.008,67.294,2.2404249856452383,0,0.01,0.286600878073874,0,-0.002
89,随机洗,all in,6.084512612992942,0,0.0,47.613,5.586893749581442,0,0.001,0.49761886341149975,0,-0.001
90,随机洗,all in,0.17205316334631937,0,0.222,90.425,0.15601022163850847,0,0.185,0.016042941707810898,0,0.037000000000000005
91,随机洗,all in,34.41894734744561,0,0.0,12.234,30.87507710191974,0,0.0,3.54387024552587,0,0.0
92,随机洗,all in,7.620887029986033,0,0.0,42.054,7.595164509978144,0,0.001,0.025722520007889216,0,-0.001
93,随机洗,all in,0.0,0,0.675,95.809,0.0,0,0.683,0.0,0,-0.008000000000000007
94,随机洗,all in,8.46604779497427,0,0.0,38.119,7.8432225263592805,0,0.0,0.6228252686149887,0,0.0
95,随机洗,all in,0.11445055571368545,0,0.181,92.009,0.09845522270332946,0,0.198,0.015995333010355994,0,-0.017000000000000015
96,随机洗,all in,2.7416051726060235,0,0.057,66.56,2.4201559780225637,0,0.054,0.3214491945834599,0,0.0030000000000000027
97,随机洗,all in,4.726214277949184,0,0.0,53.896,4.305388839201225,0,0.0,0.4208254387479595,0,0.0
98,随机洗,all in,83.76076881529254,5,0.0,5.394,74.24627986144331,6,0.0,9.514488953849224,-1,0.0
99,随机洗,all in,4.20649477086619,0,0.0,56.371,3.8695469769625883,0,0.0,0.3369477939036014,0,0.0
0,随机洗,对冲,2.3512513389812346,0,0.002,68.193,2.3276190707395656,0,0.007,0.023632268241668974,0,-0.005
1,随机洗,对冲,1.892436969432597,0,0.005,71.97,1.7988372213547752,0,0.004,0.0935997480778219,0,0.001
2,随机洗,对冲,1.5422711425706153,0,0.004,75.022,1.5025707913164865,0,0.002,0.03970035125412874,0,0.002
3,随机洗,对冲,81.04834106679037,4,0.0,5.13,79.54112347512432,6,0.0,1.5072175916660484,-2,0.0
4,随机洗,对冲,126.48337390447948,57,0.0,2.951,123.82063750400894,71,0.0,2.6627364004705356,-14,0.0
5,随机洗,对冲,5.89895556731713,0,0.0,47.167,5.658934145821389,0,0.0,0.24002142149574102,0,0.0
6,随机洗,对冲,0.4976373153036454,0,0.229,86.296,0.4654638150738271,0,0.255,0.0321735002298183,0,-0.025999999999999995
7,随机洗,对冲,63.049982592450036,0,0.0,6.83,60.498187030926076,1,0.0,2.55179556152396,-1,0.0
8,随机洗,对冲,0.07036024075409847,0,0.2,91.39,0.06439629462366991,0,0.198,0.005963946130428555,0,0.0020000000000000018
9,随机洗,对冲,96.10328947723507,6,0.0,4.136,92.00060281393826,6,0.001,4.102686663296808,0,-0.001
10,随机洗,对冲,80.0295540616732,1,0.0,5.215,75.40304769620803,3,0.0,4.626506365465161,-2,0.0
11,随机洗,对冲,0.5597875678914634,0,0.007,83.033,0.5237838392896883,0,0.007,0.03600372860177514,0,0.0
12,随机洗,对冲,25.41407752732144,0,0.0,14.565,24.747898562883975,0,0.0,0.6661789644374636,0,0.0
13,随机洗,对冲,2.267513480516243,0,0.002,68.781,2.1011224275141243,0,0.004,0.16639105300211865,0,-0.002
14,随机洗,对冲,4.032935948665161,0,0.002,56.558,3.921233540924624,0,0.006,0.11170240774053664,0,-0.004
15,随机洗,对冲,14.014686225293604,0,0.0,24.029,14.101508779008727,0,0.0,-0.08682255371512326,0,0.0
16,随机洗,对冲,8.094698176782785,0,0.0,38.038,7.965321012673945,0,0.0,0.12937716410884015,0,0.0
17,随机洗,对冲,2.4867628198026215,0,0.003,66.647,2.425852454724976,0,0.006,0.06091036507764569,0,-0.003
18,随机洗,对冲,0.664052621112664,0,0.061,82.194,0.6104236778842989,0,0.05,0.0536289432283652,0,0.010999999999999996
19,随机洗,对冲,8.759977830107989,0,0.0,35.687,8.144775032366493,0,0.0,0.615202797741496,0,0.0
20,随机洗,对冲,11.93759017962131,0,0.0,27.823,11.399461255038638,0,0.0,0.5381289245826721,0,0.0
21,随机洗,对冲,23.027232549982916,0,0.0,16.155,21.98923443149096,0,0.0,1.0379981184919558,0,0.0
22,随机洗,对冲,0.0,0,0.669,91.726,0.0,0,0.68,0.0,0,-0.01100000000000001
23,随机洗,对冲,33.59004351988095,0,0.0,12.0,32.99317823628486,0,0.0,0.5968652835960881,0,0.0
24,随机洗,对冲,1.2101419667351585,0,0.004,77.952,1.1682767488840589,0,0.006,0.041865217851099645,0,-0.002
25,随机洗,对冲,1.8335626448262885,0,0.005,72.418,1.7314558486014893,0,0.003,0.10210679622479923,0,0.002
26,随机洗,对冲,13.06771169287319,0,0.0,26.771,12.387838753017512,0,0.0,0.6798729398556773,0,0.0
27,随机洗,对冲,1.6809175523658544,0,0.001,73.93,1.5962544902802027,0,0.01,0.08466306208565166,0,-0.009000000000000001
28,随机洗,对冲,1.3043305910683485,0,0.001,77.36,1.2769436834708632,0,0.005,0.0273869075974853,0,-0.004
29,随机洗,对冲,21.246126099094106,0,0.0,17.021,19.984148773674093,0,0.0,1.2619773254200126,0,0.0
30,随机洗,对冲,6.671694091005221,0,0.0,43.719,6.186797454253101,0,0.0,0.48489663675211947,0,0.0
31,随机洗,对冲,2.0155297474906853,0,0.002,69.982,2.0563818172694583,0,0.008,-0.04085206977877309,0,-0.006
32,随机洗,对冲,9.478594943635036,0,0.0,33.704,9.565354242106583,0,0.0,-0.08675929847154684,0,0.0
33,随机洗,对冲,57.483787932605054,0,0.0,7.411,57.274761575098665,0,0.0,0.20902635750638865,0,0.0
34,随机洗,对冲,2.056229241394135,0,0.0,70.788,2.059865415965752,0,0.002,-0.0036361745716169125,0,-0.002
35,随机洗,对冲,1.3191089254115795,0,0.027,75.173,1.1385834148805398,0,0.047,0.1805255105310397,0,-0.02
36,随机洗,对冲,5.912972455214518,0,0.0,46.984,5.7072662649538906,0,0.0,0.20570619026062786,0,0.0
37,随机洗,对冲,13.66492655381739,0,0.0,25.045,12.63475840537389,0,0.012,1.030168148443499,0,-0.012
38,随机洗,对冲,1.8131355966439324,0,0.014,70.923,1.7139413581031855,0,0.023,0.09919423854074694,0,-0.009
39,随机洗,对冲,8.80277655081217,0,0.001,37.076,8.910180588851645,0,0.0,-0.10740403803947451,0,0.001
40,随机洗,对冲,1.4548412496812035,0,0.007,75.496,1.4221510990959696,0,0.004,0.032690150585233946,0,0.003
41,随机洗,对冲,4.1670258125961235,0,0.0,55.919,4.040600830657732,0,0.001,0.12642498193839113,0,-0.001
42,随机洗,对冲,7.1713201980924755,0,0.001,41.791,6.990288142669466,0,0.0,0.18103205542300937,0,0.001
43,随机洗,对冲,5.654026287750014,0,0.0,48.513,5.503928993799726,0,0.0,0.1500972939502878,0,0.0
44,随机洗,对冲,4.305216220254671,0,0.0,55.11,4.15224503351325,0,0.007,0.1529711867414214,0,-0.007
45,随机洗,对冲,28.238310292101723,0,0.0,13.286,28.684055028248316,0,0.0,-0.4457447361465938,0,0.0
46,随机洗,对冲,2.3384518652578508,0,0.003,68.592,2.3889416634571283,0,0.001,-0.05048979819927757,0,0.002
47,随机洗,对冲,8.014112299910549,0,0.0,38.973,7.767513968203602,0,0.0,0.2465983317069469,0,0.0
48,随机洗,对冲,5.753988117629371,0,0.0,47.635,5.709887240787102,0,0.0,0.04410087684226838,0,0.0
49,随机洗,对冲,36.47889538242481,0,0.0,10.903,35.04475878368849,0,0.0,1.4341365987363162,0,0.0
50,随机洗,对冲,0.7665704317185325,0,0.033,82.285,0.7286329812237062,0,0.037,0.03793745049482622,0,-0.003999999999999997
51,随机洗,对冲,13.112058377708877,0,0.0,26.116,12.687938833620464,0,0.0,0.4241195440884127,0,0.0
52,随机洗,对冲,14.841521307069623,0,0.0,24.657,15.0865873452791,0,0.001,-0.24506603820947603,0,-0.001
53,随机洗,对冲,19.06163522047418,0,0.0,19.061,18.28219988834769,0,0.0,0.7794353321264893,0,0.0
54,随机洗,对冲,35.257142408616346,0,0.0,11.141,33.94118888720252,0,0.0,1.3159535214138245,0,0.0
55,随机洗,对冲,245.47097720179704,927,0.0,1.082,235.33967458397376,907,0.0,10.13130261782328,20,0.0
56,随机洗,对冲,0.9899095383764256,0,0.052,78.957,0.8292119114040448,0,0.085,0.16069762697238077,0,-0.03300000000000001
57,随机洗,对冲,5.811188896894894,0,0.001,49.167,5.564453551052868,0,0.001,0.24673534584202628,0,0.0
58,随机洗,对冲,0.0,0,0.705,94.265,0.0,0,0.661,0.0,0,0.04399999999999993
59,随机洗,对冲,13.498163229032617,0,0.0,26.288,12.142529093534108,0,0.0,1.3556341354985086,0,0.0
60,随机洗,对冲,3.5689270111578972,0,0.001,59.975,3.4188341383453773,0,0.0,0.15009287281251993,0,0.001
61,随机洗,对冲,7.277939301766883,0,0.0,41.533,6.872750114107154,0,0.0,0.40518918765972955,0,0.0
62,随机洗,对冲,9.57955706927579,0,0.0,34.106,8.737042641768536,0,0.0,0.842514427507254,0,0.0
63,随机洗,对冲,0.18882859379430145,0,0.015,88.985,0.17596363384834796,0,0.012,0.012864959945953491,0,0.002999999999999999
64,随机洗,对冲,15.377394697041769,0,0.0,23.02,14.735584163626546,0,0.0,0.6418105334152227,0,0.0
65,随机洗,对冲,6.092901180930829,0,0.001,46.512,5.853608780696167,0,0.001,0.23929240023466214,0,0.0
66,随机洗,对冲,17.2602851689944,0,0.0,20.686,17.28563639875115,0,0.0,-0.02535122975675108,0,0.0
67,随机洗,对冲,13.055422062302306,0,0.0,25.692,12.782760040917642,0,0.0,0.27266202138466333,0,0.0
68,随机洗,对冲,7.245385695490977,0,0.0,41.129,7.058302494309155,0,0.0,0.18708320118182264,0,0.0
69,随机洗,对冲,7.625157137139039,0,0.0,40.385,7.254597111013364,0,0.001,0.3705600261256752,0,-0.001
70,随机洗,对冲,11.011365940401943,0,0.0,30.121,10.464207622526544,0,0.0,0.5471583178753985,0,0.0
71,随机洗,对冲,0.3721171855674955,0,0.196,83.451,0.34689112742873496,0,0.181,0.025226058138760554,0,0.015000000000000013
72,随机洗,对冲,6.58176547226231,0,0.0,44.597,6.147265077684807,0,0.0,0.434500394577503,0,0.0
73,随机洗,对冲,0.311308464130874,0,0.047,86.696,0.28744120933045625,0,0.052,0.023867254800417737,0,-0.0049999999999999975
74,随机洗,对冲,5.268540053486305,0,0.0,50.065,5.082364926332014,0,0.0,0.18617512715429108,0,0.0
75,随机洗,对冲,3.7941250571537273,0,0.0,58.328,3.7237711437968763,0,0.001,0.07035391335685093,0,-0.001
76,随机洗,对冲,0.10920243202471419,0,0.187,92.544,0.09797449652395124,0,0.191,0.011227935500762953,0,-0.0040000000000000036
77,随机洗,对冲,0.7479232488841796,0,0.071,79.399,0.6827574638616203,0,0.071,0.06516578502255932,0,0.0
78,随机洗,对冲,8.797415657871593,0,0.0,36.378,8.584151474445727,0,0.0,0.21326418342586528,0,0.0
79,随机洗,对冲,0.18876154829681457,0,0.017,88.388,0.16347512695137606,0,0.021,0.025286421345438514,0,-0.004
80,随机洗,对冲,0.38921104242666915,0,0.054,85.513,0.3734182312393791,0,0.061,0.015792811187290035,0,-0.006999999999999999
81,随机洗,对冲,1.7978498332676234,0,0.001,72.261,1.8565699909158804,0,0.003,-0.058720157648257,0,-0.002
82,随机洗,对冲,0.29258795166283924,0,0.058,86.496,0.27966541735452594,0,0.048,0.012922534308313305,0,0.010000000000000002
83,随机洗,对冲,0.6768738953039013,0,0.01,81.839,0.6192951156534751,0,0.014,0.05757877965042624,0,-0.004
84,随机洗,对冲,14.598849664560419,0,0.0,23.687,14.03902256727573,0,0.0,0.559827097284689,0,0.0
85,随机洗,对冲,0.020764650046759477,0,0.298,90.922,0.017941613492746547,0,0.286,0.0028230365540129303,0,0.01200000000000001
86,随机洗,对冲,5.796895678414858,0,0.0,47.833,5.601488714240704,0,0.0,0.19540696417415404,0,0.0
87,随机洗,对冲,7.131785326343495,0,0.003,44.077,6.766361851070185,0,0.007,0.3654234752733103,0,-0.004
88,随机洗,对冲,2.3292851329454813,0,0.005,68.205,2.2404249856452383,0,0.01,0.08886014730024305,0,-0.005
89,随机洗,对冲,5.874797390513344,0,0.0,47.514,5.586893749581442,0,0.001,0.28790364093190224,0,-0.001
90,随机洗,对冲,0.16611915397678906,0,0.218,90.435,0.15601022163850847,0,0.185,0.010108932338280585,0,0.033
91,随机洗,对冲,32.46443947370189,0,0.0,11.962,30.87507710191974,0,0.0,1.5893623717821477,0,0.0
92,随机洗,对冲,7.601769564998595,0,0.0,40.923,7.595164509978144,0,0.001,0.006605055020450834,0,-0.001
93,随机洗,对冲,0.0,0,0.675,95.869,0.0,0,0.683,0.0,0,-0.008000000000000007
94,随机洗,对冲,8.010873349537249,0,0.0,38.198,7.8432225263592805,0,0.0,0.16765082317796853,0,0.0
95,随机洗,对冲,0.10751556569898812,0,0.181,92.123,0.09845522270332946,0,0.198,0.009060342995658666,0,-0.017000000000000015
96,随机洗,对冲,2.547677009999817,0,0.033,66.754,2.4201559780225637,0,0.054,0.1275210319772535,0,-0.020999999999999998
97,随机洗,对冲,4.432734196099033,0,0.0,54.648,4.305388839201225,0,0.0,0.12734535689780824,0,0.0
98,随机洗,对冲,79.19349010367526,5,0.0,5.3,74.24627986144331,6,0.0,4.947210242231947,-1,0.0
99,随机洗,对冲,4.087892207787046,0,0.0,56.421,3.8695469769625883,0,0.0,0.218345230824458,0,0.0
0,专洗无用词条,all in,2.3276190707395656,0,0.007,67.68,2.3276190707395656,0,0.007,0.0,0,0.0
1,专洗无用词条,all in,1.7988372213547752,0,0.004,71.036,1.7988372213547752,0,0.004,0.0,0,0.0
2,专洗无用词条,all in,1.5025707913164865,0,0.002,74.476,1.5025707913164865,0,0.002,0.0,0,0.0
3,专洗无用词条,all in,79.54112347512432,6,0.0,5.132,79.54112347512432,6,0.0,0.0,0,0.0
4,专洗无用词条,all in,123.82063750400894,71,0.0,2.936,123.82063750400894,71,0.0,0.0,0,0.0
5,专洗无用词条,all in,5.658934145821389,0,0.0,47.416,5.658934145821389,0,0.0,0.0,0,0.0
6,专洗无用词条,all in,0.4654638150738271,0,0.255,86.313,0.4654638150738271,0,0.255,0.0,0,0.0
7,专洗无用词条,all in,60.498187030926076,1,0.0,6.844,60.498187030926076,1,0.0,0.0,0,0.0
8,专洗无用词条,all in,0.06439629462366991,0,0.198,90.774,0.06439629462366991,0,0.198,0.0,0,0.0
9,专洗无用词条,all in,92.00060281393826,6,0.001,4.317,92.00060281393826,6,0.001,0.0,0,0.0
10,专洗无用词条,all in,75.40304769620803,3,0.0,5.448,75.40304769620803,3,0.0,0.0,0,0.0
11,专洗无用词条,all in,0.5237838392896883,0,0.007,83.042,0.5237838392896883,0,0.007,0.0,0,0.0
12,专洗无用词条,all in,24.747898562883975,0,0.0,14.679,24.747898562883975,0,0.0,0.0,0,0.0
13,专洗无用词条,all in,2.1011224275141243,0,0.004,69.286,2.1011224275141243,0,0.004,0.0,0,0.0
14,专洗无用词条,all in,3.921233540924624,0,0.006,56.964,3.921233540924624,0,0.006,0.0,0,0.0
15,专洗无用词条,all in,14.101508779008727,0,0.0,23.347,14.101508779008727,0,0.0,0.0,0,0.0
16,专洗无用词条,all in,7.965321012673945,0,0.0,37.535,7.965321012673945,0,0.0,0.0,0,0.0
17,专洗无用词条,all in,2.425852454724976,0,0.006,65.914,2.425852454724976,0,0.006,0.0,0,0.0
18,专洗无用词条,all in,0.6104236778842989,0,0.05,82.02,0.6104236778842989,0,0.05,0.0,0,0.0
19,专洗无用词条,all in,8.144775032366493,0,0.0,36.727,8.144775032366493,0,0.0,0.0,0,0.0
20,专洗无用词条,all in,11.399461255038638,0,0.0,27.814,11.399461255038638,0,0.0,0.0,0,0.0
21,专洗无用词条,all in,21.98923443149096,0,0.0,16.430999999999997,21.98923443149096,0,0.0,0.0,0,0.0
22,专洗无用词条,all in,0.0,0,0.68,91.808,0.0,0,0.68,0.0,0,0.0
23,专洗无用词条,all in,32.99317823628486,0,0.0,11.826,32.99317823628486,0,0.0,0.0,0,0.0
24,专洗无用词条,all in,1.1682767488840589,0,0.006,77.515,1.1682767488840589,0,0.006,0.0,0,0.0
25,专洗无用词条,all in,1.7314558486014893,0,0.003,72.176,1.7314558486014893,0,0.003,0.0,0,0.0
26,专洗无用词条,all in,12.387838753017512,0,0.0,27.353,12.387838753017512,0,0.0,0.0,0,0.0
27,专洗无用词条,all in,1.5962544902802027,0,0.01,73.736,1.5962544902802027,0,0.01,0.0,0,0.0
28,专洗无用词条,all in,1.2769436834708632,0,0.005,77.209,1.2769436834708632,0,0.005,0.0,0,0.0
29,专洗无用词条,all in,19.984148773674093,0,0.0,17.692,19.984148773674093,0,0.0,0.0,0,0.0
30,专洗无用词条,all in,6.186797454253101,0,0.0,44.924,6.186797454253101,0,0.0,0.0,0,0.0
31,专洗无用词条,all in,2.0563818172694583,0,0.008,69.758,2.0563818172694583,0,0.008,0.0,0,0.0
32,专洗无用词条,all in,9.565354242106583,0,0.0,32.954,9.565354242106583,0,0.0,0.0,0,0.0
33,专洗无用词条,all in,57.274761575098665,0,0.0,7.201,57.274761575098665,0,0.0,0.0,0,0.0
34,专洗无用词条,all in,2.059865415965752,0,0.002,69.813,2.059865415965752,0,0.002,0.0,0,0.0
35,专洗无用词条,all in,1.1385834148805398,0,0.047,75.831,1.1385834148805398,0,0.047,0.0,0,0.0
36,专洗无用词条,all in,5.7072662649538906,0,0.0,47.257,5.7072662649538906,0,0.0,0.0,0,0.0
37,专洗无用词条,all in,12.63475840537389,0,0.012,27.305,12.63475840537389,0,0.012,0.0,0,0.0
38,专洗无用词条,all in,1.7139413581031855,0,0.023,71.484,1.7139413581031855,0,0.023,0.0,0,0.0
39,专洗无用词条,all in,8.910180588851645,0,0.0,36.063,8.910180588851645,0,0.0,0.0,0,0.0
40,专洗无用词条,all in,1.4221510990959696,0,0.004,74.851,1.4221510990959696,0,0.004,0.0,0,0.0
41,专洗无用词条,all in,4.040600830657732,0,0.001,55.662,4.040600830657732,0,0.001,0.0,0,0.0
42,专洗无用词条,all in,6.990288142669466,0,0.0,41.9,6.990288142669466,0,0.0,0.0,0,0.0
43,专洗无用词条,all in,5.503928993799726,0,0.0,47.972,5.503928993799726,0,0.0,0.0,0,0.0
44,专洗无用词条,all in,4.15224503351325,0,0.007,55.307,4.15224503351325,0,0.007,0.0,0,0.0
45,专洗无用词条,all in,28.684055028248316,0,0.0,13.022,28.684055028248316,0,0.0,0.0,0,0.0
46,专洗无用词条,all in,2.3889416634571283,0,0.001,67.453,2.3889416634571283,0,0.001,0.0,0,0.0
47,专洗无用词条,all in,7.767513968203602,0,0.0,38.605,7.767513968203602,0,0.0,0.0,0,0.0
48,专洗无用词条,all in,5.709887240787102,0,0.0,46.662,5.709887240787102,0,0.0,0.0,0,0.0
49,专洗无用词条,all in,35.04475878368849,0,0.0,11.159,35.04475878368849,0,0.0,0.0,0,0.0
50,专洗无用词条,all in,0.7286329812237062,0,0.037,81.943,0.7286329812237062,0,0.037,0.0,0,0.0
51,专洗无用词条,all in,12.687938833620464,0,0.0,26.047,12.687938833620464,0,0.0,0.0,0,0.0
52,专洗无用词条,all in,15.0865873452791,0,0.001,24.754,15.0865873452791,0,0.001,0.0,0,0.0
53,专洗无用词条,all in,18.28219988834769,0,0.0,19.306,18.28219988834769,0,0.0,0.0,0,0.0
54,专洗无用词条,all in,33.94118888720252,0,0.0,11.347,33.94118888720252,0,0.0,0.0,0,0.0
55,专洗无用词条,all in,235.33967458397376,907,0.0,1.108,235.33967458397376,907,0.0,0.0,0,0.0
56,专洗无用词条,all in,0.8292119114040448,0,0.085,80.428,0.8292119114040448,0,0.085,0.0,0,0.0
57,专洗无用词条,all in,5.564453551052868,0,0.001,49.338,5.564453551052868,0,0.001,0.0,0,0.0
58,专洗无用词条,all in,0.0,0,0.661,93.629,0.0,0,0.661,0.0,0,0.0
59,专洗无用词条,all in,12.142529093534108,0,0.0,27.481,12.142529093534108,0,0.0,0.0,0,0.0
60,专洗无用词条,all in,3.4188341383453773,0,0.0,60.07,3.4188341383453773,0,0.0,0.0,0,0.0
61,专洗无用词条,all in,6.872750114107154,0,0.0,41.969,6.872750114107154,0,0.0,0.0,0,0.0
62,专洗无用词条,all in,8.737042641768536,0,0.0,35.332,8.737042641768536,0,0.0,0.0,0,0.0
63,专洗无用词条,all in,0.17596363384834796,0,0.012,88.563,0.17596363384834796,0,0.012,0.0,0,0.0
64,专洗无用词条,all in,14.735584163626546,0,0.0,23.474,14.735584163626546,0,0.0,0.0,0,0.0
65,专洗无用词条,all in,5.853608780696167,0,0.001,47.753,5.853608780696167,0,0.001,0.0,0,0.0
66,专洗无用词条,all in,17.28563639875115,0,0.0,20.53,17.28563639875115,0,0.0,0.0,0,0.0
67,专洗无用词条,all in,12.782760040917642,0,0.0,25.375,12.782760040917642,0,0.0,0.0,0,0.0
68,专洗无用词条,all in,7.058302494309155,0,0.0,41.109,7.058302494309155,0,0.0,0.0,0,0.0
69,专洗无用词条,all in,7.254597111013364,0,0.001,40.912,7.254597111013364,0,0.001,0.0,0,0.0
70,专洗无用词条,all in,10.464207622526544,0,0.0,30.521,10.464207622526544,0,0.0,0.0,0,0.0
71,专洗无用词条,all in,0.34689112742873496,0,0.181,83.14,0.34689112742873496,0,0.181,0.0,0,0.0
72,专洗无用词条,all in,6.147265077684807,0,0.0,45.617,6.147265077684807,0,0.0,0.0,0,0.0
73,专洗无用词条,all in,0.28744120933045625,0,0.052,86.39,0.28744120933045625,0,0.052,0.0,0,0.0
74,专洗无用词条,all in,5.082364926332014,0,0.0,49.979,5.082364926332014,0,0.0,0.0,0,0.0
75,专洗无用词条,all in,3.7237711437968763,0,0.001,57.754,3.7237711437968763,0,0.001,0.0,0,0.0
76,专洗无用词条,all in,0.09797449652395124,0,0.191,92.467,0.09797449652395124,0,0.191,0.0,0,0.0
77,专洗无用词条,all in,0.6827574638616203,0,0.071,79.182,0.6827574638616203,0,0.071,0.0,0,0.0
78,专洗无用词条,all in,8.584151474445727,0,0.0,35.836,8.584151474445727,0,0.0,0.0,0,0.0
79,专洗无用词条,all in,0.16347512695137606,0,0.021,88.487,0.16347512695137606,0,0.021,0.0,0,0.0
80,专洗无用词条,all in,0.3734182312393791,0,0.061,85.043,0.3734182312393791,0,0.061,0.0,0,0.0
81,专洗无用词条,all in,1.8565699909158804,0,0.003,71.648,1.8565699909158804,0,0.003,0.0,0,0.0
82,专洗无用词条,all in,0.27966541735452594,0,0.048,85.634,0.27966541735452594,0,0.048,0.0,0,0.0
83,专洗无用词条,all in,0.6192951156534751,0,0.014,81.921,0.6192951156534751,0,0.014,0.0,0,0.0
84,专洗无用词条,all in,14.03902256727573,0,0.0,24.002,14.03902256727573,0,0.0,0.0,0,0.0
85,专洗无用词条,all in,0.017941613492746547,0,0.286,91.036,0.017941613492746547,0,0.286,0.0,0,0.0
86,专洗无用词条,all in,5.601488714240704,0,0.0,47.235,5.601488714240704,0,0.0,0.0,0,0.0
87,专洗无用词条,all in,6.766361851070185,0,0.007,44.631,6.766361851070185,0,0.007,0.0,0,0.0
88,专洗无用词条,all in,2.2404249856452383,0,0.01,68.119,2.2404249856452383,0,0.01,0.0,0,0.0
89,专洗无用词条,all in,5.586893749581442,0,0.001,47.491,5.586893749581442,0,0.001,0.0,0,0.0
90,专洗无用词条,all in,0.15601022163850847,0,0.185,89.26,0.15601022163850847,0,0.185,0.0,0,0.0
91,专洗无用词条,all in,30.87507710191974,0,0.0,12.501,30.87507710191974,0,0.0,0.0,0,0.0
92,专洗无用词条,all in,7.595164509978144,0,0.001,41.183,7.595164509978144,0,0.001,0.0,0,0.0
93,专洗无用词条,all in,0.0,0,0.683,95.88,0.0,0,0.683,0.0,0,0.0
94,专洗无用词条,all in,7.8432225263592805,0,0.0,37.939,7.8432225263592805,0,0.0,0.0,0,0.0
95,专洗无用词条,all in,0.09845522270332946,0,0.198,91.957,0.09845522270332946,0,0.198,0.0,0,0.0
96,专洗无用词条,all in,2.4201559780225637,0,0.054,67.458,2.4201559780225637,0,0.054,0.0,0,0.0
97,专洗无用词条,all in,4.305388839201225,0,0.0,54.245,4.305388839201225,0,0.0,0.0,0,0.0
98,专洗无用词条,all in,74.24627986144331,6,0.0,5.562,74.24627986144331,6,0.0,0.0,0,0.0
99,专洗无用词条,all in,3.8695469769625883,0,0.0,56.785,3.8695469769625883,0,0.0,0.0,0,0.0
0,专洗无用词条,对冲,2.160940206567305,0,0.004,68.353,2.3276190707395656,0,0.007,-0.16667886417226052,0,-0.003
1,专洗无用词条,对冲,1.7834491015099159,0,0.003,70.982,1.7988372213547752,0,0.004,-0.015388119844859327,0,-0.001
2,专洗无用词条,对冲,1.3992878338813395,0,0.002,75.011,1.5025707913164865,0,0.002,-0.10328295743514704,0,0.0
3,专洗无用词条,对冲,72.28693559965927,4,0.0,5.204,79.54112347512432,6,0.0,-7.25418787546505,-2,0.0
4,专洗无用词条,对冲,114.77667209242131,60,0.0,2.916,123.82063750400894,71,0.0,-9.043965411587635,-11,0.0
5,专洗无用词条,对冲,5.439576082320168,0,0.0,47.357,5.658934145821389,0,0.0,-0.2193580635012209,0,0.0
6,专洗无用词条,对冲,0.43722216163727257,0,0.249,86.497,0.4654638150738271,0,0.255,-0.028241653436554548,0,-0.006000000000000005
7,专洗无用词条,对冲,56.94126640990188,2,0.0,6.747,60.498187030926076,1,0.0,-3.5569206210241973,1,0.0
8,专洗无用词条,对冲,0.06281700173225802,0,0.198,90.821,0.06439629462366991,0,0.198,-0.0015792928914118987,0,0.0
9,专洗无用词条,对冲,86.97797457961116,6,0.0,4.057,92.00060281393826,6,0.001,-5.022628234327101,0,-0.001
10,专洗无用词条,对冲,68.58921830546709,0,0.0,5.496,75.40304769620803,3,0.0,-6.813829390740949,-3,0.0
11,专洗无用词条,对冲,0.5157722994295777,0,0.007,82.98,0.5237838392896883,0,0.007,-0.008011539860110606,0,0.0
12,专洗无用词条,对冲,23.00736988843888,0,0.0,14.721,24.747898562883975,0,0.0,-1.7405286744450947,0,0.0
13,专洗无用词条,对冲,2.0486034958837522,0,0.003,69.411,2.1011224275141243,0,0.004,-0.05251893163037202,0,-0.001
14,专洗无用词条,对冲,3.791551858137667,0,0.002,56.758,3.921233540924624,0,0.006,-0.12968168278695735,0,-0.004
15,专洗无用词条,对冲,13.30845415669657,0,0.0,23.427,14.101508779008727,0,0.0,-0.7930546223121571,0,0.0
16,专洗无用词条,对冲,7.270877736359329,0,0.0,38.841,7.965321012673945,0,0.0,-0.6944432763146162,0,0.0
17,专洗无用词条,对冲,2.331296748031134,0,0.001,65.915,2.425852454724976,0,0.006,-0.09455570669384183,0,-0.005
18,专洗无用词条,对冲,0.5783317095851715,0,0.041,82.093,0.6104236778842989,0,0.05,-0.032091968299127305,0,-0.009000000000000001
19,专洗无用词条,对冲,7.704764786786429,0,0.0,37.144,8.144775032366493,0,0.0,-0.44001024558006385,0,0.0
20,专洗无用词条,对冲,10.577557446873898,0,0.0,28.417,11.399461255038638,0,0.0,-0.8219038081647394,0,0.0
21,专洗无用词条,对冲,20.619469921313357,0,0.0,16.322,21.98923443149096,0,0.0,-1.3697645101776033,0,0.0
22,专洗无用词条,对冲,0.0,0,0.681,91.872,0.0,0,0.68,0.0,0,0.0010000000000000009
23,专洗无用词条,对冲,31.74688538200281,0,0.0,11.538,32.99317823628486,0,0.0,-1.2462928542820535,0,0.0
24,专洗无用词条,对冲,1.1047355376196002,0,0.004,77.823,1.1682767488840589,0,0.006,-0.06354121126445866,0,-0.002
25,专洗无用词条,对冲,1.6577333772275848,0,0.0,72.481,1.7314558486014893,0,0.003,-0.07372247137390442,0,-0.003
26,专洗无用词条,对冲,12.010301743377903,0,0.0,26.643,12.387838753017512,0,0.0,-0.37753700963960846,0,0.0
27,专洗无用词条,对冲,1.498749504412507,0,0.004,74.041,1.5962544902802027,0,0.01,-0.09750498586769574,0,-0.006
28,专洗无用词条,对冲,1.2090198459728145,0,0.004,77.498,1.2769436834708632,0,0.005,-0.06792383749804864,0,-0.001
29,专洗无用词条,对冲,18.534556446987366,0,0.0,17.787,19.984148773674093,0,0.0,-1.4495923266867266,0,0.0
30,专洗无用词条,对冲,5.762733784816502,0,0.0,45.496,6.186797454253101,0,0.0,-0.4240636694365989,0,0.0
31,专洗无用词条,对冲,2.033871530588611,0,0.003,69.513,2.0563818172694583,0,0.008,-0.022510286680847535,0,-0.005
32,专洗无用词条,对冲,9.093370523706193,0,0.0,32.968,9.565354242106583,0,0.0,-0.47198371840038966,0,0.0
33,专洗无用词条,对冲,52.53689094844509,0,0.0,7.281,57.274761575098665,0,0.0,-4.737870626653574,0,0.0
34,专洗无用词条,对冲,2.0242717619683877,0,0.001,69.603,2.059865415965752,0,0.002,-0.03559365399736425,0,-0.001
35,专洗无用词条,对冲,1.0819647976447433,0,0.035,75.81,1.1385834148805398,0,0.047,-0.05661861723579653,0,-0.011999999999999997
36,专洗无用词条,对冲,5.440103320709293,0,0.0,47.224,5.7072662649538906,0,0.0,-0.26716294424459797,0,0.0
37,专洗无用词条,对冲,12.330874835258236,0,0.0,25.34,12.63475840537389,0,0.012,-0.30388357011565503,0,-0.012
38,专洗无用词条,对冲,1.6773555700252125,0,0.011,71.376,1.7139413581031855,0,0.023,-0.03658578807797297,0,-0.012
39,专洗无用词条,对冲,8.929535730082426,0,0.0,34.999,8.910180588851645,0,0.0,0.01935514123078086,0,0.0
40,专洗无用词条,对冲,1.3806304601424126,0,0.004,75.004,1.4221510990959696,0,0.004,-0.041520638953556954,0,0.0
41,专洗无用词条,对冲,3.8758776038661082,0,0.0,55.847,4.040600830657732,0,0.001,-0.1647232267916241,0,-0.001
42,专洗无用词条,对冲,6.603279597672445,0,0.0,41.966,6.990288142669466,0,0.0,-0.38700854499702064,0,0.0
43,专洗无用词条,对冲,5.173770891587836,0,0.0,48.737,5.503928993799726,0,0.0,-0.33015810221189046,0,0.0
44,专洗无用词条,对冲,3.954133564153964,0,0.0,55.287,4.15224503351325,0,0.007,-0.19811146935928559,0,-0.007
45,专洗无用词条,对冲,25.66680850074157,0,0.0,13.448,28.684055028248316,0,0.0,-3.017246527506746,0,0.0
46,专洗无用词条,对冲,2.3693279462954466,0,0.001,67.044,2.3889416634571283,0,0.001,-0.0196137171616817,0,0.0
47,专洗无用词条,对冲,7.409291482243021,0,0.0,38.443,7.767513968203602,0,0.0,-0.3582224859605807,0,0.0
48,专洗无用词条,对冲,5.579963104216398,0,0.0,46.2,5.709887240787102,0,0.0,-0.129924136570704,0,0.0
49,专洗无用词条,对冲,32.91376436851098,0,0.0,11.011,35.04475878368849,0,0.0,-2.1309944151775113,0,0.0
50,专洗无用词条,对冲,0.647803843632493,0,0.035,82.362,0.7286329812237062,0,0.037,-0.08082913759121324,0,-0.001999999999999995
51,专洗无用词条,对冲,12.04040295389698,0,0.0,26.194,12.687938833620464,0,0.0,-0.6475358797234847,0,0.0
52,专洗无用词条,对冲,14.97664944308601,0,0.0,23.698,15.0865873452791,0,0.001,-0.10993790219308863,0,-0.001
53,专洗无用词条,对冲,17.41187323428928,0,0.0,19.173,18.28219988834769,0,0.0,-0.8703266540584096,0,0.0
54,专洗无用词条,对冲,31.323371054269742,0,0.0,11.346,33.94118888720252,0,0.0,-2.6178178329327793,0,0.0
55,专洗无用词条,对冲,218.86067521203722,923,0.0,1.085,235.33967458397376,907,0.0,-16.47899937193654,16,0.0
56,专洗无用词条,对冲,0.779457634594531,0,0.06,80.471,0.8292119114040448,0,0.085,-0.04975427680951383,0,-0.02500000000000001
57,专洗无用词条,对冲,5.569491056485425,0,0.0,48.412,5.564453551052868,0,0.001,0.005037505432557765,0,-0.001
58,专洗无用词条,对冲,0.0,0,0.661,93.69,0.0,0,0.661,0.0,0,0.0
59,专洗无用词条,对冲,11.755101712437066,0,0.0,26.946,12.142529093534108,0,0.0,-0.38742738109704256,0,0.0
60,专洗无用词条,对冲,3.19369351508133,0,0.0,60.781,3.4188341383453773,0,0.0,-0.22514062326404716,0,0.0
61,专洗无用词条,对冲,6.712853776164147,0,0.0,41.658,6.872750114107154,0,0.0,-0.15989633794300673,0,0.0
62,专洗无用词条,对冲,8.30532850914693,0,0.0,35.263,8.737042641768536,0,0.0,-0.43171413262160563,0,0.0
63,专洗无用词条,对冲,0.16868133512590622,0,0.006,88.641,0.17596363384834796,0,0.012,-0.007282298722441738,0,-0.006
64,专洗无用词条,对冲,14.15838273487352,0,0.0,23.143,14.735584163626546,0,0.0,-0.5772014287530265,0,0.0
65,专洗无用词条,对冲,5.743936304687893,0,0.001,47.027,5.853608780696167,0,0.001,-0.10967247600827346,0,0.0
66,专洗无用词条,对冲,16.455583747820086,0,0.0,20.488,17.28563639875115,0,0.0,-0.8300526509310657,0,0.0
67,专洗无用词条,对冲,11.77053078167222,0,0.0,26.108,12.782760040917642,0,0.0,-1.012229259245423,0,0.0
68,专洗无用词条,对冲,6.810598611450058,0,0.0,41.027,7.058302494309155,0,0.0,-0.2477038828590965,0,0.0
69,专洗无用词条,对冲,6.909641961367172,0,0.0,40.541,7.254597111013364,0,0.001,-0.344955149646192,0,-0.001
70,专洗无用词条,对冲,9.753539110240375,0,0.0,30.75,10.464207622526544,0,0.0,-0.7106685122861691,0,0.0
71,专洗无用词条,对冲,0.33985460682527757,0,0.18,83.073,0.34689112742873496,0,0.181,-0.007036520603457386,0,-0.0010000000000000009
72,专洗无用词条,对冲,5.954167229263882,0,0.0,45.03,6.147265077684807,0,0.0,-0.19309784842092537,0,0.0
73,专洗无用词条,对冲,0.2701465324147182,0,0.044,86.423,0.28744120933045625,0,0.052,-0.01729467691573805,0,-0.008
74,专洗无用词条,对冲,4.69866716370084,0,0.0,51.271,5.082364926332014,0,0.0,-0.38369776263117394,0,0.0
75,专洗无用词条,对冲,3.53168413334458,0,0.0,58.073,3.7237711437968763,0,0.001,-0.19208701045229626,0,-0.001
76,专洗无用词条,对冲,0.09221143277885113,0,0.187,92.534,0.09797449652395124,0,0.191,-0.0057630637451001054,0,-0.0040000000000000036
77,专洗无用词条,对冲,0.6555698606207957,0,0.057,79.127,0.6827574638616203,0,0.071,-0.027187603240824587,0,-0.013999999999999992
78,专洗无用词条,对冲,8.226244975552278,0,0.0,35.724,8.584151474445727,0,0.0,-0.35790649889344905,0,0.0
79,专洗无用词条,对冲,0.1528760734662461,0,0.016,88.582,0.16347512695137606,0,0.021,-0.010599053485129961,0,-0.005000000000000001
80,专洗无用词条,对冲,0.355875227166475,0,0.056,85.098,0.3734182312393791,0,0.061,-0.0175430040729041,0,-0.0049999999999999975
81,专洗无用词条,对冲,1.7955930708220516,0,0.001,71.627,1.8565699909158804,0,0.003,-0.060976920093828824,0,-0.002
82,专洗无用词条,对冲,0.26849762318764825,0,0.046,85.632,0.27966541735452594,0,0.048,-0.011167794166877687,0,-0.0020000000000000018
83,专洗无用词条,对冲,0.6144252689561588,0,0.01,81.898,0.6192951156534751,0,0.014,-0.004869846697316271,0,-0.004
84,专洗无用词条,对冲,13.395195129723291,0,0.0,23.857,14.03902256727573,0,0.0,-0.6438274375524387,0,0.0
85,专洗无用词条,对冲,0.01729960773093146,0,0.287,91.064,0.017941613492746547,0,0.286,-0.0006420057618150878,0,0.0010000000000000009
86,专洗无用词条,对冲,5.240967842038902,0,0.0,47.949,5.601488714240704,0,0.0,-0.3605208722018016,0,0.0
87,专洗无用词条,对冲,6.73130058259737,0,0.004,43.699,6.766361851070185,0,0.007,-0.03506126847281443,0,-0.003
88,专洗无用词条,对冲,2.0726584313860843,0,0.002,68.848,2.2404249856452383,0,0.01,-0.167766554259154,0,-0.008
89,专洗无用词条,对冲,5.366729902613454,0,0.001,47.332,5.586893749581442,0,0.001,-0.22016384696798852,0,0.0
90,专洗无用词条,对冲,0.14998261785251907,0,0.184,89.294,0.15601022163850847,0,0.185,-0.006027603785989405,0,-0.0010000000000000009
91,专洗无用词条,对冲,29.625695748780654,0,0.0,12.242,30.87507710191974,0,0.0,-1.2493813531390856,0,0.0
92,专洗无用词条,对冲,7.504572026094342,0,0.001,40.09,7.595164509978144,0,0.001,-0.09059248388380148,0,0.0
93,专洗无用词条,对冲,0.0,0,0.683,95.91,0.0,0,0.683,0.0,0,0.0
94,专洗无用词条,对冲,7.469922494194497,0,0.0,38.159,7.8432225263592805,0,0.0,-0.37330003216478325,0,0.0
95,专洗无用词条,对冲,0.09287969261412743,0,0.196,92.028,0.09845522270332946,0,0.198,-0.00557553008920203,0,-0.0020000000000000018
96,专洗无用词条,对冲,2.2577136954821637,0,0.042,67.835,2.4201559780225637,0,0.054,-0.16244228254039994,0,-0.011999999999999997
97,专洗无用词条,对冲,4.0374989575378715,0,0.0,54.969,4.305388839201225,0,0.0,-0.26788988166335326,0,0.0
98,专洗无用词条,对冲,70.01577705093644,5,0.0,5.443,74.24627986144331,6,0.0,-4.230502810506877,-1,0.0
99,专洗无用词条,对冲,3.766916223081132,0,0.0,56.635,3.8695469769625883,0,0.0,-0.10263075388145637,0,0.0
0,不洗,all in,2.3276190707395656,0,0.007,67.68,2.3276190707395656,0,0.007,0.0,0,0.0
1,不洗,all in,1.7988372213547752,0,0.004,71.036,1.7988372213547752,0,0.004,0.0,0,0.0
2,不洗,all in,1.5025707913164865,0,0.002,74.476,1.5025707913164865,0,0.002,0.0,0,0.0
3,不洗,all in,79.54112347512432,6,0.0,5.132,79.54112347512432,6,0.0,0.0,0,0.0
4,不洗,all in,123.82063750400894,71,0.0,2.936,123.82063750400894,71,0.0,0.0,0,0.0
5,不洗,all in,5.658934145821389,0,0.0,47.416,5.658934145821389,0,0.0,0.0,0,0.0
6,不洗,all in,0.4654638150738271,0,0.255,86.313,0.4654638150738271,0,0.255,0.0,0,0.0
7,不洗,all in,60.498187030926076,1,0.0,6.844,60.498187030926076,1,0.0,0.0,0,0.0
8,不洗,all in,0.06439629462366991,0,0.198,90.774,0.06439629462366991,0,0.198,0.0,0,0.0
9,不洗,all in,92.00060281393826,6,0.001,4.317,92.00060281393826,6,0.001,0.0,0,0.0
10,不洗,all in,75.40304769620803,3,0.0,5.448,75.40304769620803,3,0.0,0.0,0,0.0
11,不洗,all in,0.5237838392896883,0,0.007,83.042,0.5237838392896883,0,0.007,0.0,0,0.0
12,不洗,all in,24.747898562883975,0,0.0,14.679,24.747898562883975,0,0.0,0.0,0,0.0
13,不洗,all in,2.1011224275141243,0,0.004,69.286,2.1011224275141243,0,0.004,0.0,0,0.0
14,不洗,all in,3.921233540924624,0,0.006,56.964,3.921233540924624,0,0.006,0.0,0,0.0
15,不洗,all in,14.101508779008727,0,0.0,23.347,14.101508779008727,0,0.0,0.0,0,0.0
16,不洗,all in,7.965321012673945,0,0.0,37.535,7.965321012673945,0,0.0,0.0,0,0.0
17,不洗,all in,2.425852454724976,0,0.006,65.914,2.425852454724976,0,0.006,0.0,0,0.0
18,不洗,all in,0.6104236778842989,0,0.05,82.02,0.6104236778842989,0,0.05,0.0,0,0.0
19,不洗,all in,8.144775032366493,0,0.0,36.727,8.144775032366493,0,0.0,0.0,0,0.0
20,不洗,all in,11.399461255038638,0,0.0,27.814,11.399461255038638,0,0.0,0.0,0,0.0
21,不洗,all in,21.98923443149096,0,0.0,16.430999999999997,21.98923443149096,0,0.0,0.0,0,0.0
22,不洗,all in,0.0,0,0.68,91.808,0.0,0,0.68,0.0,0,0.0
23,不洗,all in,32.99317823628486,0,0.0,11.826,32.99317823628486,0,0.0,0.0,0,0.0
24,不洗,all in,1.1682767488840589,0,0.006,77.515,1.1682767488840589,0,0.006,0.0,0,0.0
25,不洗,all in,1.7314558486014893,0,0.003,72.176,1.7314558486014893,0,0.003,0.0,0,0.0
26,不洗,all in,12.387838753017512,0,0.0,27.353,12.387838753017512,0,0.0,0.0,0,0.0
27,不洗,all in,1.5962544902802027,0,0.01,73.736,1.5962544902802027,0,0.01,0.0,0,0.0
28,不洗,all in,1.2769436834708632,0,0.005,77.209,1.2769436834708632,0,0.005,0.0,0,0.0
29,不洗,all in,19.984148773674093,0,0.0,17.692,19.984148773674093,0,0.0,0.0,0,0.0
30,不洗,all in,6.186797454253101,0,0.0,44.924,6.186797454253101,0,0.0,0.0,0,0.0
31,不洗,all in,2.0563818172694583,0,0.008,69.758,2.0563818172694583,0,0.008,0.0,0,0.0
32,不洗,all in,9.565354242106583,0,0.0,32.954,9.565354242106583,0,0.0,0.0,0,0.0
33,不洗,all in,57.274761575098665,0,0.0,7.201,57.274761575098665,0,0.0,0.0,0,0.0
34,不洗,all in,2.059865415965752,0,0.002,69.813,2.059865415965752,0,0.002,0.0,0,0.0
35,不洗,all in,1.1385834148805398,0,0.047,75.831,1.1385834148805398,0,0.047,0.0,0,0.0
36,不洗,all in,5.7072662649538906,0,0.0,47.257,5.7072662649538906,0,0.0,0.0,0,0.0
37,不洗,all in,12.63475840537389,0,0.012,27.305,12.63475840537389,0,0.012,0.0,0,0.0
38,不洗,all in,1.7139413581031855,0,0.023,71.484,1.7139413581031855,0,0.023,0.0,0,0.0
39,不洗,all in,8.910180588851645,0,0.0,36.063,8.910180588851645,0,0.0,0.0,0,0.0
40,不洗,all in,1.4221510990959696,0,0.004,74.851,1.4221510990959696,0,0.004,0.0,0,0.0
41,不洗,all in,4.040600830657732,0,0.001,55.662,4.040600830657732,0,0.001,0.0,0,0.0
42,不洗,all in,6.990288142669466,0,0.0,41.9,6.990288142669466,0,0.0,0.0,0,0.0
43,不洗,all in,5.503928993799726,0,0.0,47.972,5.503928993799726,0,0.0,0.0,0,0.0
44,不洗,all in,4.15224503351325,0,0.007,55.307,4.15224503351325,0,0.007,0.0,0,0.0
45,不洗,all in,28.684055028248316,0,0.0,13.022,28.684055028248316,0,0.0,0.0,0,0.0
46,不洗,all in,2.3889416634571283,0,0.001,67.453,2.3889416634571283,0,0.001,0.0,0,0.0
47,不洗,all in,7.767513968203602,0,0.0,38.605,7.767513968203602,0,0.0,0.0,0,0.0
48,不洗,all in,5.709887240787102,0,0.0,46.662,5.709887240787102,0,0.0,0.0,0,0.0
49,不洗,all in,35.04475878368849,0,0.0,11.159,35.04475878368849,0,0.0,0.0,0,0.0
50,不洗,all in,0.7286329812237062,0,0.037,81.943,0.7286329812237062,0,0.037,0.0,0,0.0
51,不洗,all in,12.687938833620464,0,0.0,26.047,12.687938833620464,0,0.0,0.0,0,0.0
52,不洗,all in,15.0865873452791,0,0.001,24.754,15.0865873452791,0,0.001,0.0,0,0.0
53,不洗,all in,18.28219988834769,0,0.0,19.306,18.28219988834769,0,0.0,0.0,0,0.0
54,不洗,all in,33.94118888720252,0,0.0,11.347,33.94118888720252,0,0.0,0.0,0,0.0
55,不洗,all in,235.33967458397376,907,0.0,1.108,235.33967458397376,907,0.0,0.0,0,0.0
56,不洗,all in,0.8292119114040448,0,0.085,80.428,0.8292119114040448,0,0.085,0.0,0,0.0
57,不洗,all in,5.564453551052868,0,0.001,49.338,5.564453551052868,0,0.001,0.0,0,0.0
58,不洗,all in,0.0,0,0.661,93.629,0.0,0,0.661,0.0,0,0.0
59,不洗,all in,12.142529093534108,0,0.0,27.481,12.142529093534108,0,0.0,0.0,0,0.0
60,不洗,all in,3.4188341383453773,0,0.0,60.07,3.4188341383453773,0,0.0,0.0,0,0.0
61,不洗,all in,6.872750114107154,0,0.0,41.969,6.872750114107154,0,0.0,0.0,0,0.0
62,不洗,all in,8.737042641768536,0,0.0,35.332,8.737042641768536,0,0.0,0.0,0,0.0
63,不洗,all in,0.17596363384834796,0,0.012,88.563,0.17596363384834796,0,0.012,0.0,0,0.0
64,不洗,all in,14.735584163626546,0,0.0,23.474,14.735584163626546,0,0.0,0.0,0,0.0
65,不洗,all in,5.853608780696167,0,0.001,47.753,5.853608780696167,0,0.001,0.0,0,0.0
66,不洗,all in,17.28563639875115,0,0.0,20.53,17.28563639875115,0,0.0,0.0,0,0.0
67,不洗,all in,12.782760040917642,0,0.0,25.375,12.782760040917642,0,0.0,0.0,0,0.0
68,不洗,all in,7.058302494309155,0,0.0,41.109,7.058302494309155,0,0.0,0.0,0,0.0
69,不洗,all in,7.254597111013364,0,0.001,40.912,7.254597111013364,0,0.001,0.0,0,0.0
70,不洗,all in,10.464207622526544,0,0.0,30.521,10.464207622526544,0,0.0,0.0,0,0.0
71,不洗,all in,0.34689112742873496,0,0.181,83.14,0.34689112742873496,0,0.181,0.0,0,0.0
72,不洗,all in,6.147265077684807,0,0.0,45.617,6.147265077684807,0,0.0,0.0,0,0.0
73,不洗,all in,0.28744120933045625,0,0.052,86.39,0.28744120933045625,0,0.052,0.0,0,0.0
74,不洗,all in,5.082364926332014,0,0.0,49.979,5.082364926332014,0,0.0,0.0,0,0.0
75,不洗,all in,3.7237711437968763,0,0.001,57.754,3.7237711437968763,0,0.001,0.0,0,0.0
76,不洗,all in,0.09797449652395124,0,0.191,92.467,0.09797449652395124,0,0.191,0.0,0,0.0
77,不洗,all in,0.6827574638616203,0,0.071,79.182,0.6827574638616203,0,0.071,0.0,0,0.0
78,不洗,all in,8.584151474445727,0,0.0,35.836,8.584151474445727,0,0.0,0.0,0,0.0
79,不洗,all in,0.16347512695137606,0,0.021,88.487,0.16347512695137606,0,0.021,0.0,0,0.0
80,不洗,all in,0.3734182312393791,0,0.061,85.043,0.3734182312393791,0,0.061,0.0,0,0.0
81,不洗,all in,1.8565699909158804,0,0.003,71.648,1.8565699909158804,0,0.003,0.0,0,0.0
82,不洗,all in,0.27966541735452594,0,0.048,85.634,0.27966541735452594,0,0.048,0.0,0,0.0
83,不洗,all in,0.6192951156534751,0,0.014,81.921,0.6192951156534751,0,0.014,0.0,0,0.0
84,不洗,all in,14.03902256727573,0,0.0,24.002,14.03902256727573,0,0.0,0.0,0,0.0
85,不洗,all in,0.017941613492746547,0,0.286,91.036,0.017941613492746547,0,0.286,0.0,0,0.0
86,不洗,all in,5.601488714240704,0,0.0,47.235,5.601488714240704,0,0.0,0.0,0,0.0
87,不洗,all in,6.766361851070185,0,0.007,44.631,6.766361851070185,0,0.007,0.0,0,0.0
88,不洗,all in,2.2404249856452383,0,0.01,68.119,2.2404249856452383,0,0.01,0.0,0,0.0
89,不洗,all in,5.586893749581442,0,0.001,47.491,5.586893749581442,0,0.001,0.0,0,0.0
90,不洗,all in,0.15601022163850847,0,0.185,89.26,0.15601022163850847,0,0.185,0.0,0,0.0
91,不洗,all in,30.87507710191974,0,0.0,12.501,30.87507710191974,0,0.0,0.0,0,0.0
92,不洗,all in,7.595164509978144,0,0.001,41.183,7.595164509978144,0,0.001,0.0,0,0.0
93,不洗,all in,0.0,0,0.683,95.88,0.0,0,0.683,0.0,0,0.0
94,不洗,all in,7.8432225263592805,0,0.0,37.939,7.8432225263592805,0,0.0,0.0,0,0.0
95,不洗,all in,0.09845522270332946,0,0.198,91.957,0.09845522270332946,0,0.198,0.0,0,0.0
96,不洗,all in,2.4201559780225637,0,0.054,67.458,2.4201559780225637,0,0.054,0.0,0,0.0
97,不洗,all in,4.305388839201225,0,0.0,54.245,4.305388839201225,0,0.0,0.0,0,0.0
98,不洗,all in,74.24627986144331,6,0.0,5.562,74.24627986144331,6,0.0,0.0,0,0.0
99,不洗,all in,3.8695469769625883,0,0.0,56.785,3.8695469769625883,0,0.0,0.0,0,0.0
0,不洗,对冲,2.160940206567305,0,0.004,68.353,2.3276190707395656,0,0.007,-0.16667886417226052,0,-0.003
1,不洗,对冲,1.7834491015099159,0,0.003,70.982,1.7988372213547752,0,0.004,-0.015388119844859327,0,-0.001
2,不洗,对冲,1.3992878338813395,0,0.002,75.011,1.5025707913164865,0,0.002,-0.10328295743514704,0,0.0
3,不洗,对冲,72.28693559965927,4,0.0,5.204,79.54112347512432,6,0.0,-7.25418787546505,-2,0.0
4,不洗,对冲,114.77667209242131,60,0.0,2.916,123.82063750400894,71,0.0,-9.043965411587635,-11,0.0
5,不洗,对冲,5.439576082320168,0,0.0,47.357,5.658934145821389,0,0.0,-0.2193580635012209,0,0.0
6,不洗,对冲,0.43722216163727257,0,0.249,86.497,0.4654638150738271,0,0.255,-0.028241653436554548,0,-0.006000000000000005
7,不洗,对冲,56.94126640990188,2,0.0,6.747,60.498187030926076,1,0.0,-3.5569206210241973,1,0.0
8,不洗,对冲,0.06281700173225802,0,0.198,90.821,0.06439629462366991,0,0.198,-0.0015792928914118987,0,0.0
9,不洗,对冲,86.97797457961116,6,0.0,4.057,92.00060281393826,6,0.001,-5.022628234327101,0,-0.001
10,不洗,对冲,68.58921830546709,0,0.0,5.496,75.40304769620803,3,0.0,-6.813829390740949,-3,0.0
11,不洗,对冲,0.5157722994295777,0,0.007,82.98,0.5237838392896883,0,0.007,-0.008011539860110606,0,0.0
12,不洗,对冲,23.00736988843888,0,0.0,14.721,24.747898562883975,0,0.0,-1.7405286744450947,0,0.0
13,不洗,对冲,2.0486034958837522,0,0.003,69.411,2.1011224275141243,0,0.004,-0.05251893163037202,0,-0.001
14,不洗,对冲,3.791551858137667,0,0.002,56.758,3.921233540924624,0,0.006,-0.12968168278695735,0,-0.004
15,不洗,对冲,13.30845415669657,0,0.0,23.427,14.101508779008727,0,0.0,-0.7930546223121571,0,0.0
16,不洗,对冲,7.270877736359329,0,0.0,38.841,7.965321012673945,0,0.0,-0.6944432763146162,0,0.0
17,不洗,对冲,2.331296748031134,0,0.001,65.915,2.425852454724976,0,0.006,-0.09455570669384183,0,-0.005
18,不洗,对冲,0.5783317095851715,0,0.041,82.093,0.6104236778842989,0,0.05,-0.032091968299127305,0,-0.009000000000000001
19,不洗,对冲,7.704764786786429,0,0.0,37.144,8.144775032366493,0,0.0,-0.44001024558006385,0,0.0
20,不洗,对冲,10.577557446873898,0,0.0,28.417,11.399461255038638,0,0.0,-0.8219038081647394,0,0.0
21,不洗,对冲,20.619469921313357,0,0.0,16.322,21.98923443149096,0,0.0,-1.3697645101776033,0,0.0
22,不洗,对冲,0.0,0,0.681,91.872,0.0,0,0.68,0.0,0,0.0010000000000000009
23,不洗,对冲,31.74688538200281,0,0.0,11.538,32.99317823628486,0,0.0,-1.2462928542820535,0,0.0
24,不洗,对冲,1.1047355376196002,0,0.004,77.823,1.1682767488840589,0,0.006,-0.06354121126445866,0,-0.002
25,不洗,对冲,1.6577333772275848,0,0.0,72.481,1.7314558486014893,0,0.003,-0.07372247137390442,0,-0.003
26,不洗,对冲,12.010301743377903,0,0.0,26.643,12.387838753017512,0,0.0,-0.37753700963960846,0,0.0
27,不洗,对冲,1.498749504412507,0,0.004,74.041,1.5962544902802027,0,0.01,-0.09750498586769574,0,-0.006
28,不洗,对冲,1.2090198459728145,0,0.004,77.498,1.2769436834708632,0,0.005,-0.06792383749804864,0,-0.001
29,不洗,对冲,18.534556446987366,0,0.0,17.787,19.984148773674093,0,0.0,-1.4495923266867266,0,0.0
30,不洗,对冲,5.762733784816502,0,0.0,45.496,6.186797454253101,0,0.0,-0.4240636694365989,0,0.0
31,不洗,对冲,2.033871530588611,0,0.003,69.513,2.0563818172694583,0,0.008,-0.022510286680847535,0,-0.005
32,不洗,对冲,9.093370523706193,0,0.0,32.968,9.565354242106583,0,0.0,-0.47198371840038966,0,0.0
33,不洗,对冲,52.53689094844509,0,0.0,7.281,57.274761575098665,0,0.0,-4.737870626653574,0,0.0
34,不洗,对冲,2.0242717619683877,0,0.001,69.603,2.059865415965752,0,0.002,-0.03559365399736425,0,-0.001
35,不洗,对冲,1.0819647976447433,0,0.035,75.81,1.1385834148805398,0,0.047,-0.05661861723579653,0,-0.011999999999999997
36,不洗,对冲,5.440103320709293,0,0.0,47.224,5.7072662649538906,0,0.0,-0.26716294424459797,0,0.0
37,不洗,对冲,12.330874835258236,0,0.0,25.34,12.63475840537389,0,0.012,-0.30388357011565503,0,-0.012
38,不洗,对冲,1.6773555700252125,0,0.011,71.376,1.7139413581031855,0,0.023,-0.03658578807797297,0,-0.012
39,不洗,对冲,8.929535730082426,0,0.0,34.999,8.910180588851645,0,0.0,0.01935514123078086,0,0.0
40,不洗,对冲,1.3806304601424126,0,0.004,75.004,1.4221510990959696,0,0.004,-0.041520638953556954,0,0.0
41,不洗,对冲,3.8758776038661082,0,0.0,55.847,4.040600830657732,0,0.001,-0.1647232267916241,0,-0.001
42,不洗,对冲,6.603279597672445,0,0.0,41.966,6.990288142669466,0,0.0,-0.38700854499702064,0,0.0
43,不洗,对冲,5.173770891587836,0,0.0,48.737,5.503928993799726,0,0.0,-0.33015810221189046,0,0.0
44,不洗,对冲,3.954133564153964,0,0.0,55.287,4.15224503351325,0,0.007,-0.19811146935928559,0,-0.007
45,不洗,对冲,25.66680850074157,0,0.0,13.448,28.684055028248316,0,0.0,-3.017246527506746,0,0.0
46,不洗,对冲,2.3693279462954466,0,0.001,67.044,2.3889416634571283,0,0.001,-0.0196137171616817,0,0.0
47,不洗,对冲,7.409291482243021,0,0.0,38.443,7.767513968203602,0,0.0,-0.3582224859605807,0,0.0
48,不洗,对冲,5.579963104216398,0,0.0,46.2,5.709887240787102,0,0.0,-0.129924136570704,0,0.0
49,不洗,对冲,32.91376436851098,0,0.0,11.011,35.04475878368849,0,0.0,-2.1309944151775113,0,0.0
50,不洗,对冲,0.647803843632493,0,0.035,82.362,0.7286329812237062,0,0.037,-0.08082913759121324,0,-0.001999999999999995
51,不洗,对冲,12.04040295389698,0,0.0,26.194,12.687938833620464,0,0.0,-0.6475358797234847,0,0.0
52,不洗,对冲,14.97664944308601,0,0.0,23.698,15.0865873452791,0,0.001,-0.10993790219308863,0,-0.001
53,不洗,对冲,17.41187323428928,0,0.0,19.173,18.28219988834769,0,0.0,-0.8703266540584096,0,0.0
54,不洗,对冲,31.323371054269742,0,0.0,11.346,33.94118888720252,0,0.0,-2.6178178329327793,0,0.0
55,不洗,对冲,218.86067521203722,923,0.0,1.085,235.33967458397376,907,0.0,-16.47899937193654,16,0.0
56,不洗,对冲,0.779457634594531,0,0.06,80.471,0.8292119114040448,0,0.085,-0.04975427680951383,0,-0.02500000000000001
57,不洗,对冲,5.569491056485425,0,0.0,48.412,5.564453551052868,0,0.001,0.005037505432557765,0,-0.001
58,不洗,对冲,0.0,0,0.661,93.69,0.0,0,0.661,0.0,0,0.0
59,不洗,对冲,11.755101712437066,0,0.0,26.946,12.142529093534108,0,0.0,-0.38742738109704256,0,0.0
60,不洗,对冲,3.19369351508133,0,0.0,60.781,3.4188341383453773,0,0.0,-0.22514062326404716,0,0.0
61,不洗,对冲,6.712853776164147,0,0.0,41.658,6.872750114107154,0,0.0,-0.15989633794300673,0,0.0
62,不洗,对冲,8.30532850914693,0,0.0,35.263,8.737042641768536,0,0.0,-0.43171413262160563,0,0.0
63,不洗,对冲,0.16868133512590622,0,0.006,88.641,0.17596363384834796,0,0.012,-0.007282298722441738,0,-0.006
64,不洗,对冲,14.15838273487352,0,0.0,23.143,14.735584163626546,0,0.0,-0.5772014287530265,0,0.0
65,不洗,对冲,5.743936304687893,0,0.001,47.027,5.853608780696167,0,0.001,-0.10967247600827346,0,0.0
66,不洗,对冲,16.455583747820086,0,0.0,20.488,17.28563639875115,0,0.0,-0.8300526509310657,0,0.0
67,不洗,对冲,11.77053078167222,0,0.0,26.108,12.782760040917642,0,0.0,-1.012229259245423,0,0.0
68,不洗,对冲,6.810598611450058,0,0.0,41.027,7.058302494309155,0,0.0,-0.2477038828590965,0,0.0
69,不洗,对冲,6.909641961367172,0,0.0,40.541,7.254597111013364,0,0.001,-0.344955149646192,0,-0.001
70,不洗,对冲,9.753539110240375,0,0.0,30.75,10.464207622526544,0,0.0,-0.7106685122861691,0,0.0
71,不洗,对冲,0.33985460682527757,0,0.18,83.073,0.34689112742873496,0,0.181,-0.007036520603457386,0,-0.0010000000000000009
72,不洗,对冲,5.954167229263882,0,0.0,45.03,6.147265077684807,0,0.0,-0.19309784842092537,0,0.0
73,不洗,对冲,0.2701465324147182,0,0.044,86.423,0.28744120933045625,0,0.052,-0.01729467691573805,0,-0.008
74,不洗,对冲,4.69866716370084,0,0.0,51.271,5.082364926332014,0,0.0,-0.38369776263117394,0,0.0
75,不洗,对冲,3.53168413334458,0,0.0,58.073,3.7237711437968763,0,0.001,-0.19208701045229626,0,-0.001
76,不洗,对冲,0.09221143277885113,0,0.187,92.534,0.09797449652395124,0,0.191,-0.0057630637451001054,0,-0.0040000000000000036
77,不洗,对冲,0.6555698606207957,0,0.057,79.127,0.6827574638616203,0,0.071,-0.027187603240824587,0,-0.013999999999999992
78,不洗,对冲,8.226244975552278,0,0.0,35.724,8.584151474445727,0,0.0,-0.35790649889344905,0,0.0
79,不洗,对冲,0.1528760734662461,0,0.016,88.582,0.16347512695137606,0,0.021,-0.010599053485129961,0,-0.005000000000000001
80,不洗,对冲,0.355875227166475,0,0.056,85.098,0.3734182312393791,0,0.061,-0.0175430040729041,0,-0.0049999999999999975
81,不洗,对冲,1.7955930708220516,0,0.001,71.627,1.8565699909158804,0,0.003,-0.060976920093828824,0,-0.002
82,不洗,对冲,0.26849762318764825,0,0.046,85.632,0.27966541735452594,0,0.048,-0.011167794166877687,0,-0.0020000000000000018
83,不洗,对冲,0.6144252689561588,0,0.01,81.898,0.6192951156534751,0,0.014,-0.004869846697316271,0,-0.004
84,不洗,对冲,13.395195129723291,0,0.0,23.857,14.03902256727573,0,0.0,-0.6438274375524387,0,0.0
85,不洗,对冲,0.01729960773093146,0,0.287,91.064,0.017941613492746547,0,0.286,-0.0006420057618150878,0,0.0010000000000000009
86,不洗,对冲,5.240967842038902,0,0.0,47.949,5.601488714240704,0,0.0,-0.3605208722018016,0,0.0
87,不洗,对冲,6.73130058259737,0,0.004,43.699,6.766361851070185,0,0.007,-0.03506126847281443,0,-0.003
88,不洗,对冲,2.0726584313860843,0,0.002,68.848,2.2404249856452383,0,0.01,-0.167766554259154,0,-0.008
89,不洗,对冲,5.366729902613454,0,0.001,47.332,5.586893749581442,0,0.001,-0.22016384696798852,0,0.0
90,不洗,对冲,0.14998261785251907,0,0.184,89.294,0.15601022163850847,0,0.185,-0.006027603785989405,0,-0.0010000000000000009
91,不洗,对冲,29.625695748780654,0,0.0,12.242,30.87507710191974,0,0.0,-1.2493813531390856,0,0.0
92,不洗,对冲,7.504572026094342,0,0.001,40.09,7.595164509978144,0,0.001,-0.09059248388380148,0,0.0
93,不洗,对冲,0.0,0,0.683,95.91,0.0,0,0.683,0.0,0,0.0
94,不洗,对冲,7.469922494194497,0,0.0,38.159,7.8432225263592805,0,0.0,-0.37330003216478325,0,0.0
95,不洗,对冲,0.09287969261412743,0,0.196,92.028,0.09845522270332946,0,0.198,-0.00557553008920203,0,-0.0020000000000000018
96,不洗,对冲,2.2577136954821637,0,0.042,67.835,2.4201559780225637,0,0.054,-0.16244228254039994,0,-0.011999999999999997
97,不洗,对冲,4.0374989575378715,0,0.0,54.969,4.305388839201225,0,0.0,-0.26788988166335326,0,0.0
98,不洗,对冲,70.01577705093644,5,0.0,5.443,74.24627986144331,6,0.0,-4.230502810506877,-1,0.0
99,不洗,对冲,3.766916223081132,0,0.0,56.635,3.8695469769625883,0,0.0,-0.10263075388145637,0,0.0
