编号,家底,学校成绩,学校排名,初始_智商,初始_学习能力,初始_自制力,初始_情商,初始_判断力,初始_批判性思维,初始_承担责任,初始_抗压,初始_无用词条,神级词条,洗词条策略,对冲策略,初始行业_土木比例,初始行业_互联网比例,初始行业_金融比例,初始行业_制造比例,初始行业_教育比例,平均终身总收入,终身总收入中位数,平均第40年财富,第40年财富中位数,当首富次数,变成穷光蛋次数,破产出局次数,平均最终财富排名,破产率,有神级
0,0.4244971141546637,-0.5465578539524507,74,-0.3269673054182518,-1.0072652923084184,0.023223669394200477,0.3683115487129916,-0.3507340544000237,-0.3165751750985047,-1.5184337918545223,-0.6964021655060219,0.21658812346361556,无,专洗无用词条,对冲,0.478,0.115,0.12,0.155,0.132,22.08610502660312,21.816177276373907,2.1748612,2.1010938,0,4,4,69.511,0.004,False
1,1.397143286383451,0.2801778905412005,34,0.5955474978335934,0.2900013777143717,-0.6921268971311016,-0.3530625316542964,0.3964136741357733,-0.9539306515336083,0.7683942921956449,-0.5049592465357208,-0.8050304136214149,无,专洗无用词条,all in,0.493,0.124,0.101,0.132,0.15,38.941667104772456,38.33334748386439,1.9633914,1.7738202,0,9,2,72.694,0.009,False
2,0.9645696454579585,-1.0467913291428645,87,-1.0394599209058064,-1.497615827669073,0.13341310888251626,-1.4552477448224752,-1.2974674758885196,-0.543162638564542,-1.0686317842946296,-1.1092472398210567,1.6878272494896474,无,随机洗,对冲,0.465,0.147,0.121,0.144,0.123,12.127517406709014,11.974640168623127,1.5774959,1.5726725,0,3,0,74.739,0.003,False
3,2.6111790310533127,0.04464235994337204,42,-0.14485180631145442,-0.3960151591093399,1.78821157618175,1.1086386802106118,0.951516828865689,1.228765260254308,1.4578887608373776,0.8235023293530239,-2.337758760493535,无,专洗无用词条,对冲,0.478,0.157,0.114,0.137,0.114,149.525844141858,147.07967196778742,77.32322,74.52728,0,0,0,5.961,0.0,False
4,1.282434210652687,0.5832481934417121,18,0.6500776310130784,0.20459023437417873,1.392514438241036,1.1569354858436833,1.7406038555180054,0.5592061845195776,1.183721236815755,1.8387322939329367,-0.997074517440322,无,不洗,对冲,0.503,0.129,0.118,0.119,0.131,222.21423243888623,219.33483575556062,122.75753,115.13152,30,0,0,3.43,0.0,False
5,2.119268261412436,-0.2829468164886144,60,-0.13498749252047593,-0.5362264974377309,-0.051412305862052435,-0.11074052643033067,-0.384342803500068,0.5117362215774174,0.5135603325265171,0.7836465352432499,0.658775989576322,无,专洗无用词条,all in,0.494,0.129,0.113,0.132,0.132,43.54232470528377,42.00144725377617,5.8559165,5.6347156,0,1,0,48.328,0.001,False
6,0.24682332368505686,-0.8991843519326006,82,-1.31542842680326,-0.5059949295149447,-0.6989572537677037,1.375980449276727,0.1973964256808582,0.8801670583983963,0.3265821108653827,-0.09345165197955642,-1.3461794261299154,无,随机洗,all in,0.471,0.134,0.128,0.135,0.132,38.14658254191206,39.641525501442786,0.6792714,0.55666506,0,232,228,85.576,0.232,False
7,5.506882092409483,0.10485440174336537,41,-0.2801778320976253,0.20239780682833278,0.9998353563730912,1.791275362736102,1.007943108701044,2.2359390004536532,0.24632456483148576,0.8025557728567337,-0.35086852849010947,无,专洗元能力,all in,0.478,0.134,0.137,0.114,0.137,184.72244959565202,179.8649710235681,76.01437,70.1946,3,0,0,6.262,0.0,False
8,0.8980103251999754,-1.4097158007484638,96,-0.6919364099966178,-1.816823793217658,-2.477432659752818,1.051603743533915,-1.440523671656769,-1.7075645722353612,-2.1266168147184445,-0.687521211047997,-1.4343579720098192,无,专洗无用词条,all in,0.486,0.126,0.123,0.127,0.138,6.94873764665439,6.910612541586223,0.31050518,0.060678832,0,223,215,91.468,0.223,False
9,0.8057876578219312,-0.7326086326862723,76,-1.363339178541941,-0.3550298157946189,0.15270615983632527,-0.5067371348608362,0.9120494901258241,4.0,0.3683285603726099,-0.7025299104773518,0.6671836243084436,批判性思维,随机洗,all in,0.477,0.131,0.133,0.121,0.138,637.5190028872246,618.7523233509403,108.55158,103.66653,13,1,1,4.011,0.001,True
10,2.4348943765838404,1.2567684622052648,8,0.4361364137796937,2.1577732324117034,1.3159852202648077,1.0625784035664274,0.3647783118297741,2.212567176821707,0.45737555831324295,2.1357362157489477,2.4571347701848505,无,专洗元能力,all in,0.469,0.151,0.126,0.127,0.127,283.4124365792488,271.99250248201247,92.49132,87.40773,3,0,0,4.76,0.0,False
11,1.7594527305681968,-1.1599375261901865,95,-0.8173568837919022,-1.4598052485370723,-1.3880321937933437,-1.1561262149693403,-0.6531985715534194,-1.704348260645477,-0.02147782283816581,-0.2670181389990487,-1.1094679954914317,无,不洗,all in,0.47,0.144,0.129,0.122,0.135,11.262286752242908,11.000326817909585,0.8760939,0.49102205,0,9,1,83.641,0.009,False
12,0.3122666123191809,0.6722938076804037,16,-0.35480301663644676,1.7270109183571383,0.9410053188263297,0.40927622081123327,0.5518344727460887,-1.043851344517926,0.9388604164456322,1.2365637933531615,-1.9638683961655559,无,专洗元能力,all in,0.48,0.13,0.122,0.135,0.133,116.91893234976321,113.8766541107336,30.853266,29.531483,0,0,0,13.089,0.0,False
13,1.6166659393825284,0.03401085185793215,43,0.6382435094840049,-0.5151852551627322,-0.3141641689651813,-0.5121084445591676,-0.4319284849229497,-2.2859028676341673,-1.4996404390976394,0.02092576784130893,-1.1185319977132435,无,随机洗,all in,0.479,0.118,0.127,0.144,0.132,22.592223739743122,22.08062447836431,2.4057698,2.3697233,0,2,0,68.136,0.002,False
14,1.0574179382853426,-0.22471318406553295,55,0.23286169692242775,-0.6034415622012703,-0.5874954853341153,0.6590261796543782,1.0885236648169572,0.13718982631599103,1.8231077446768644,-0.1252314014432018,0.4714823110345154,无,专洗元能力,对冲,0.497,0.144,0.115,0.122,0.122,77.86805469214303,76.1290561816077,4.461039,4.1813226,0,0,0,56.009,0.0,False
15,8.327573521491322,-0.3180504351305717,64,-0.44253404483830033,-0.9922689044984445,1.853316312306942,-1.7631281195072677,-1.6242792902692211,0.12938164961610635,-0.7027520637429088,0.5735470794769162,-0.5931578640915036,无,随机洗,对冲,0.478,0.128,0.134,0.135,0.125,27.33879894635428,26.812715218082538,14.394048,14.093414,0,0,0,23.971,0.0,False
16,0.29916390325621556,-0.760732297265208,77,-2.1706958822132383,-0.03381635785884858,1.5307159524952578,-0.969105605444357,-0.5872675520446453,-0.717872249327766,0.5612648310010774,-0.511254216394078,0.3027188142375991,无,专洗无用词条,对冲,0.466,0.129,0.135,0.138,0.132,25.720712004619987,25.346843903257206,7.4227786,7.235512,0,0,0,40.906,0.0,False
17,0.9798301980451146,0.4902740064398846,21,0.8639538727845517,0.47348087857057297,-0.5859839182759524,0.5579417882053506,0.7932140306811294,-0.12288891389125563,-0.718540314190923,-0.6952193194583591,-1.029516809648286,无,专洗无用词条,对冲,0.47,0.139,0.127,0.122,0.142,46.62347152244121,45.351428535713914,2.6534047,2.4456975,0,4,0,67.015,0.004,False
18,0.7765783639668314,1.4576929046689857,4,2.037873918536257,1.8019386750155149,-1.2008388578569067,-0.42086545659541164,-0.3624260260957185,-1.6553653781603894,0.22280135615327598,0.45415071437126214,0.2546366874512582,无,不洗,对冲,0.472,0.145,0.137,0.13,0.116,40.90650029666609,40.51503088657496,0.8928345,0.581354,0,47,41,82.42,0.047,False
19,1.276066411171315,0.5691071200847241,19,0.8335212045269781,0.27117278307056286,0.5703564321290585,-0.10947120190422448,-0.77224315737763,2.0758200030138245,-0.3706970394386751,-1.6687659770079177,0.9527419126190936,无,随机洗,all in,0.495,0.12,0.121,0.144,0.12,52.85784435339894,51.7351777175785,9.652138,9.309814,0,0,0,33.883,0.0,False
20,0.6814159365292103,1.1497453613648352,9,1.0897930996289755,1.27352251392838,0.9995297397362956,-0.9352592488523446,-1.4665292107614951,0.10854540301064133,0.9539312156228826,0.154258212614198,0.42128148073194965,无,不洗,对冲,0.487,0.12,0.132,0.127,0.134,50.720368587548876,49.805860722078506,10.7784605,10.615529,0,0,0,30.131,0.0,False
21,0.2985894922725024,0.13569794556571835,40,0.8860187125564007,-0.843467006583381,0.49584218365793603,-0.1522396684099032,1.0529748576405193,-0.11348264828256385,0.9602706270597106,1.7548578536333428,-1.1312426123370924,无,不洗,all in,0.481,0.126,0.145,0.129,0.119,99.72078990053727,96.67262316399248,23.29964,22.252537,0,0,0,16.782,0.0,False
22,0.6034538258883304,-0.2791557501272768,59,1.0214606501364516,-0.7815781287364849,-2.841211941293907,-0.5511629210578707,0.24466767689115007,-0.8472408142383981,-1.7458504729294029,-1.4330828868648053,-0.3636181130748683,无,不洗,对冲,0.504,0.131,0.123,0.124,0.118,10.826910474959586,10.403316433830108,0.33353186,0.0,0,705,703,92.301,0.705,False
23,8.277875169997552,1.3566517149529373,6,1.2451459325294671,1.8807574222049919,0.293553842884536,-0.7185370346382224,0.35962844830321344,1.4017895143777401,1.411869951353614,0.9440146529303644,-0.7354032673614053,无,随机洗,all in,0.498,0.111,0.134,0.139,0.118,144.83347717939427,140.82888513809291,38.606194,36.306427,0,0,0,11.485,0.0,False
24,1.1887310494376397,0.30897944494221224,33,0.7996787786473241,0.011775137789959627,-0.3705737371004496,-0.08340787163197819,-1.9917261199406706,-2.4641970714054184,-0.32111601569938963,0.19894740475354603,2.4145624779822743,无,不洗,all in,0.485,0.136,0.116,0.132,0.131,18.312446380568918,17.978470951469742,1.2476325,1.1704884,0,5,0,78.236,0.005,False
25,1.1508010963686854,-0.8530650093390455,79,-1.1743387179074576,-0.7113934804422476,-0.26703462735860345,-1.0221365586948619,-0.3060303699879743,-0.20930085074344087,-0.023873370904468276,-1.3406807885841325,-2.8977148214520327,无,专洗元能力,对冲,0.5,0.117,0.138,0.134,0.111,20.11914885286277,19.576086221839542,1.9431098,1.8575082,0,1,0,71.606,0.001,False
26,2.1771742384425505,0.7668640172181821,14,1.0101683921585884,0.8980626997016414,-0.31291226089226215,0.6780420119072057,1.0252709813568357,0.7790921268818073,0.7622836423988464,0.02047220184692083,-1.5580246949210035,无,专洗元能力,对冲,0.462,0.137,0.128,0.137,0.136,111.67727409702034,109.24736168484196,14.568022,13.589078,0,0,0,25.7,0.0,False
27,0.9571462535917438,-0.22768213415779673,57,-0.509608519710545,0.11591851383238198,-0.2981713721400285,-0.9885342862143125,-0.21545576630846208,-1.5476349337363897,0.058869726629188004,-1.2986309219741887,0.30231546007450794,无,专洗元能力,对冲,0.502,0.128,0.114,0.124,0.132,22.275614083738162,21.7272564236637,1.833888,1.7181921,0,3,0,72.748,0.003,False
28,1.2078505556966947,-1.1536147581312908,94,-1.2234409223243898,-1.4938904058621072,-0.03673453826981759,-1.1226552017228104,-1.6660415239698871,0.6346262806899682,-2.6984529793201935,-0.5711923591074165,1.3501261615199553,无,专洗元能力,对冲,0.489,0.131,0.115,0.128,0.137,11.16797245566135,11.037538956727637,1.3883975,1.3636515,0,3,0,76.698,0.003,False
29,0.9230524242989535,1.353061488275315,7,1.0097429748604314,1.8806289016223463,0.976170592927881,-1.0038809264060815,-0.3151102644712034,0.5604786794616262,0.7810241773538771,0.4762071301478065,-0.7314242165688702,无,随机洗,对冲,0.49,0.119,0.136,0.125,0.13,88.55868260108068,86.74568941646547,20.901567,20.548595,0,0,0,17.428,0.0,False
30,0.5635460503000903,-0.47541971011147066,70,0.10632787136367167,-1.4051257145945186,0.25855355741789704,-0.5016871992965894,0.13284447473407188,-0.7430421801075577,0.628730305217113,1.0179709183661607,-0.7190302850526238,无,专洗无用词条,all in,0.499,0.144,0.121,0.111,0.125,42.47864385595906,41.04309383905172,6.4270887,6.113644,0,0,0,45.746,0.0,False
31,1.9618584108841337,-1.6419971730113017,97,-1.778122908863935,-1.7398839483698305,-0.9725885644973248,-0.7044137339450556,0.5018676335740015,0.09996679290956585,-0.3466461239919256,0.614659841570168,0.2558329878268448,无,专洗无用词条,对冲,0.49,0.124,0.108,0.132,0.146,19.4029660981227,19.0705611791835,2.4610872,2.1700058,0,3,0,69.49,0.003,False
32,5.004951876455653,-1.1024940067700653,92,-1.804791821622685,-1.102447959599901,1.004276645334023,0.19103471183188953,-1.2716872822680323,1.0070599623904943,-0.6650442678631039,0.4709153080182737,0.3821197283010353,无,随机洗,对冲,0.511,0.124,0.108,0.136,0.121,28.084508668402083,27.600397813955688,9.777896,9.5938225,0,0,0,33.237,0.0,False
33,0.9441768113841768,-0.41230629860855783,68,-0.7805844804547021,-0.6525691284384431,1.333229126476236,0.08574766402503001,1.7323230200482405,0.6623794666080542,-0.03960137351499298,1.6682930542930887,-1.4452001909832466,无,随机洗,对冲,0.499,0.117,0.119,0.134,0.131,112.63259838842785,110.63835870644715,59.81889,55.874725,0,0,0,7.747,0.0,False
34,2.938047174816558,0.3373221770828716,29,0.17295126440975456,0.8578612585576196,-0.5576693021637722,0.6797551326022441,-2.2226488941124676,-1.7673635957272706,-0.4060582644645452,-2.120492482683519,0.05849534647555889,无,专洗无用词条,all in,0.508,0.14,0.123,0.115,0.114,14.20956041129204,13.880115568878228,2.0092506,2.0334334,0,2,0,71.058,0.002,False
35,0.6930822790674485,-0.055670019986365914,49,0.27442127540482597,-0.08924083554505535,-0.9564217313367698,-1.1511940880739986,1.1946566354868469,1.598667764141858,-0.7841575627333364,-0.5651370037641394,0.8695179488862859,无,专洗元能力,对冲,0.513,0.116,0.107,0.131,0.133,44.97504225402124,44.828469198260265,1.7075617,1.2405169,0,39,32,75.33,0.039,False
36,1.8879428989886455,-0.412819072205556,69,-0.6006307408798665,-0.34062089592893413,-0.041912536253616364,-0.119171505647835,-0.7181986888707665,1.0884351995019168,1.3562593087631767,1.2407600365268665,1.4174939537795028,无,专洗无用词条,对冲,0.501,0.111,0.128,0.126,0.134,45.14744579465898,44.36304460452685,5.4193473,5.2015715,0,0,0,50.104,0.0,False
37,2.595705554772872,1.8246059939407373,2,4.0,0.4154129748087617,-0.9437279732184499,1.0945704184060252,-0.9185296330265069,-0.6524617270330381,-0.5665213965320444,1.0085723709182506,0.29834164566773097,智商,专洗无用词条,对冲,0.453,0.144,0.147,0.148,0.108,576.3133491681334,566.8132530463145,12.693403,12.263424,0,0,0,27.12,0.0,True
38,0.9535153172797515,-0.08218395130258152,51,0.49416435881988074,-0.3428353344532879,-1.116158526601418,-0.1634348821473724,1.0336750157004764,0.8430571099452436,1.050638359636071,-0.6297432708319284,-0.31846672564926104,无,随机洗,对冲,0.48,0.131,0.124,0.125,0.14,54.43159660874196,53.377465273403025,2.1889021,1.7187632,0,13,11,71.199,0.013,False
39,5.891682449321046,0.7226396950215286,15,1.7870982933590753,0.10930744757410492,-0.835183440131315,0.3995389196475011,0.445751288823473,-0.8477260775856398,0.17422376306104284,-2.1043800239884836,-1.1299042207317964,无,专洗元能力,对冲,0.478,0.136,0.14,0.12,0.126,44.59721773013676,43.435777962752304,10.003816,8.785292,0,0,0,36.591,0.0,False
40,1.1673343959073315,-1.0045944117218868,84,-0.548735339778898,-1.7219945995896744,-0.4591044599034196,-0.9016166094776981,0.16359664636085805,-0.5518937440801825,-1.719184605740994,-0.32508703278960766,0.16220096068067194,无,专洗元能力,all in,0.477,0.129,0.138,0.13,0.126,20.101949442471916,19.61167105937043,1.7462256,1.6474824,0,5,1,73.916,0.005,False
41,1.2584881976918092,1.4397124987457444,5,1.2895488046596435,2.2015392879697426,-0.141334523593281,-0.40049626986392933,-0.40437179966528586,-1.4629890963916508,-1.681028154090957,0.5779899742348372,-0.03408280515445657,无,专洗元能力,all in,0.468,0.111,0.135,0.142,0.144,48.66396857795816,47.259370100750274,4.800212,4.68896,0,2,0,53.352,0.002,False
42,1.0463319086274334,1.6288927158567392,3,2.207861790803735,1.6054054120269114,-0.04538169877137339,-1.0375597884781043,0.3717218852492367,-0.6044859431024909,-0.8701733832116921,-0.5525563775941424,0.5349698229101711,无,专洗元能力,对冲,0.522,0.123,0.121,0.117,0.117,61.986471751340716,60.966651678193585,7.943509,7.7109795,0,0,0,39.772,0.0,False
43,1.443596326524696,-0.39743207405091685,67,-1.0072017550157175,-0.11661191175844365,0.6830232027302234,-0.5802223517372813,-1.4928458584497473,-1.3897062458291396,1.5083372160433293,0.4981049929557234,2.0432930449237356,无,专洗元能力,all in,0.491,0.141,0.12,0.133,0.115,33.063741244965556,32.2998943198012,6.4022737,6.342148,0,0,0,45.359,0.0,False
44,0.8370850054265727,0.35149732877371886,27,0.5686239364315824,0.41098854100715515,-0.4585257268223686,0.1594528930820216,0.7321143949907316,1.7037936059848737,0.008644696917144286,-0.2079108024757637,0.05208295800730407,无,专洗元能力,对冲,0.478,0.13,0.131,0.14,0.121,76.45644108995059,74.43041249664606,5.017127,4.7423964,0,1,0,52.626,0.001,False
45,1.0554646151395373,0.263881910780741,36,-0.31517813602921485,0.2895957150782689,1.932491906417201,-0.20778519496268913,-0.3654122071729073,0.6279915124604211,0.935072589091027,0.24818414264542152,2.4382379897225923,无,专洗无用词条,all in,0.508,0.112,0.114,0.138,0.128,79.34034248458272,77.26144346257902,28.677761,28.135471,0,0,0,13.73,0.0,False
46,2.9142419589769775,-0.2343672546153271,58,0.8943988821290888,-1.25245661932755,-0.9057606922826474,0.6306285684069799,-0.782713147805283,0.5778599476705412,-0.007379185500130358,0.4199528162248289,-0.6719256538790243,无,随机洗,对冲,0.474,0.139,0.127,0.129,0.131,36.356495821749725,35.663009957331504,2.5100365,2.4571276,0,2,0,67.723,0.002,False
47,2.2650885009275634,0.029572531111440148,44,0.6112654976962187,-0.6917502550189799,0.2080210610382247,0.08779704562854859,0.055748530220155704,1.0368416275010421,-0.6904790151371923,-1.4494786899494276,0.8223211544175401,无,专洗无用词条,对冲,0.45,0.127,0.126,0.154,0.143,36.991397656563535,36.24559816051536,7.766429,7.5606375,0,0,0,40.676,0.0,False
48,5.507786429410808,-0.009825483552427447,45,-0.3305371113486818,0.2648816373586767,0.21975707740672465,0.3913387384430045,-1.804517873336301,-1.143641586386488,-2.1505009248860025,-0.40107114281112183,-0.04779362914730449,无,专洗无用词条,all in,0.478,0.142,0.125,0.138,0.117,17.199339373341303,16.875556412883505,5.866203,5.8099785,0,0,0,47.71,0.0,False
49,5.529744576442362,0.5387372873125548,20,0.34160187294145017,0.6153830634177685,0.9257547941452989,1.046787189011863,-0.05424597094156887,0.8797721161633855,1.4512598703325625,1.2994233593592321,1.0562015219530787,无,专洗元能力,对冲,0.489,0.14,0.118,0.131,0.122,138.1537425720301,135.25415392961992,40.5656,39.203316,0,0,0,10.462,0.0,False
50,0.4797852623071159,-1.0538182913259813,88,-1.3229927321235937,-1.0709887639269968,-0.20050704199710237,-0.5896817484565695,-1.1295532016301721,-0.4477272507658576,-0.8903175495020399,-0.7579940856017461,-1.1144257576414072,无,不洗,对冲,0.497,0.13,0.143,0.11,0.12,13.041709460313669,12.930941198947922,0.78699064,0.63407135,0,37,31,83.267,0.037,False
51,1.4504365747838825,0.5995009237925785,17,1.1153027708742864,0.04050840452265707,0.5427421006005785,-0.9387479426631591,0.23596587827375035,0.631910585202076,-0.8480131642768497,0.6811911043236787,0.36285183707002994,无,专洗元能力,all in,0.477,0.123,0.139,0.129,0.132,71.4372602974274,70.11224660504145,15.369168,14.871927,0,0,0,23.404,0.0,False
52,2.111676582396347,-0.052715040385095835,47,0.9262118307890044,-0.9300534816182272,-0.6499264772857126,1.5257309772201777,2.202566046785343,1.1658913747904502,1.3252953068052826,-0.6992820002078872,-0.2625903857076326,无,专洗无用词条,对冲,0.476,0.126,0.142,0.11,0.146,107.6969492190936,105.12560064728325,17.548935,15.087322,0,0,0,24.593,0.0,False
53,0.9015506442865802,0.14684837069044807,38,0.14255903191778838,0.09173502577082136,0.3066853067940983,0.3932699648181541,1.1015705128956315,0.3305308665054318,0.7830120550142039,0.3802288912767506,-1.5418685838417232,无,不洗,对冲,0.479,0.12,0.122,0.145,0.134,80.53922901409827,78.94788877705939,18.409168,17.250765,0,0,0,20.487,0.0,False
54,0.7489405644275776,0.2642666608448724,35,0.49034962173230406,-0.27453047189095603,1.0228101321447867,-0.7313096154197699,0.8848336450468758,1.9200421306579134,1.9932955501722023,-0.3419963378111747,1.012256974165952,无,不洗,all in,0.498,0.134,0.117,0.142,0.109,113.02777691739045,111.00034062211414,36.63402,34.789818,0,0,0,11.535,0.0,False
55,0.9175602780689343,1.9460047638540614,1,4.0,0.15767620681251893,0.5528952075270263,0.39657363075391894,-0.4157527380750192,0.694200086325325,1.7112882583435667,0.37197050956457,1.304819353094347,智商,随机洗,对冲,0.468,0.146,0.123,0.13,0.133,1477.743704755054,1445.7521674517388,258.65073,249.03387,944,0,0,1.063,0.0,True
56,0.5003660183461491,-0.5128562641521085,73,-0.030162552149148265,-0.9850398950291486,-0.7017810511555489,0.5879920164747138,0.6901291487939089,1.1284072774105272,0.333115281465548,-0.7087483871449678,-1.182441662480493,无,随机洗,对冲,0.49,0.118,0.129,0.124,0.139,46.29006410065278,45.84056465862735,1.1447172,0.8863819,0,61,55,79.899,0.061,False
57,2.044786191555039,0.8328826025077216,12,1.5198656248620843,1.020375824736304,-1.7280483904982527,0.9153324777612252,1.5663416710569267,1.1148700664806943,-0.9615800944222184,-1.0437164176686635,-1.010125920063558,无,专洗元能力,对冲,0.485,0.139,0.103,0.139,0.134,72.48826457323129,70.78532763542154,6.7083983,5.554057,0,2,0,49.019,0.002,False
58,0.41072441916458396,-1.1143179622238897,93,0.04965264105561912,-2.120433371007562,-1.923255348639291,-2.4433157447974754,-1.7021861603945445,-1.0490258266496382,0.7415524687275056,-0.3180132526192433,0.8709038011586075,无,不洗,all in,0.497,0.13,0.132,0.127,0.114,8.432337238768016,8.50157745633139,0.15563166,0.0,0,701,701,94.142,0.701,False
59,1.4549460146736102,0.8167035345763568,13,0.7923013339544887,1.2208582815753035,-0.18783585555523033,1.7272124606982364,1.2966706390680385,0.21216002856153462,-1.3939928414987646,-0.5369166208181377,0.9300311441078347,无,专洗元能力,对冲,0.48,0.12,0.131,0.147,0.122,91.50555986398322,89.75510946360772,14.35569,13.454317,0,0,0,25.772,0.0,False
60,0.6093878336245485,-0.3087322818030318,62,-0.12020662283408576,-0.7765078276640583,0.3730921969195342,-1.0353474782650378,-1.7644695888592234,-0.333578086990142,0.7585480536627636,0.5335233432536245,0.5633818691762351,无,专洗元能力,对冲,0.465,0.135,0.149,0.127,0.124,27.555641977174133,26.983891344783796,3.7171533,3.7047725,0,0,0,58.804,0.0,False
61,4.423828443178417,0.3147410276385291,31,0.15761921430256245,0.6223979148794093,-0.034311898329251585,-0.18762648555543263,-0.675378012847875,-1.052204947485509,0.5204477255634407,0.06149292023188318,0.056747572479742804,无,随机洗,all in,0.459,0.135,0.143,0.129,0.134,40.035715487982,39.20867901792401,7.6540623,7.4152822,0,0,0,40.922,0.0,False
62,0.6838357401478583,0.4430655675078984,24,1.4328572275605918,-0.51922512673131,0.03979910532104024,0.2947497304592069,0.31748289914142946,-0.09044842314156616,0.3723668646160124,0.8834232700244904,0.4544561367580934,无,随机洗,all in,0.498,0.128,0.126,0.127,0.121,81.16560558110368,78.78429253794931,10.262304,9.898771,0,0,0,32.971000000000004,0.0,False
63,1.2078814076285154,-1.8822048813442276,98,-1.913911147562546,-2.292261801318644,-0.6936009627574933,-0.19373983738247358,-1.7895476404785569,-1.5105036865919392,-0.7227609123781394,-0.840845924299219,-0.47831020361818133,无,专洗无用词条,all in,0.49,0.125,0.12,0.139,0.126,7.61189336365714,7.519804876139548,0.46745765,0.17933255,0,12,0,88.581,0.012,False
64,2.999380788627065,-0.4797213895216803,72,-0.12761113295569365,-1.1201822157170198,0.17184337730126545,0.6599178168961362,0.5307303244137818,-0.0876016158074357,0.544161720091443,2.1345626756571834,-0.49559567660521386,无,不洗,all in,0.504,0.131,0.123,0.121,0.121,71.1458301953978,69.21767955897977,15.887601,14.81259,0,0,0,23.753,0.0,False
65,1.250005204776102,-0.8703657024503861,81,-0.3961857360870219,-1.4856414399698923,-0.6521703014884628,0.5763009606750845,2.047906737262717,0.8351757668566028,0.1158730642903351,-1.1640755716624258,-0.4844931795181153,无,专洗无用词条,all in,0.472,0.11,0.122,0.155,0.141,50.10556389110682,49.09452076896522,6.981919,6.131076,0,0,0,46.891,0.0,False
66,1.1114459246964348,0.4546456966408362,22,0.06458325293668608,0.9111035128572271,0.4076121845095772,-0.17142101189700357,0.9490201477741381,-0.12753800503405957,0.05254487033408304,0.6374910130409094,-0.8424700227950825,无,专洗无用词条,对冲,0.486,0.127,0.129,0.118,0.14,69.23824287808938,68.1388270928742,17.133768,16.257607,0,0,0,21.764,0.0,False
67,0.4002699951823746,0.1461742365141404,39,-0.00013050802739126397,-0.12821742898943572,1.3167995781482718,-0.7273995756829736,-0.7410077646528436,-0.916981851804649,1.8224820705255356,0.06504099249155823,-0.42232023525144724,无,随机洗,all in,0.459,0.142,0.161,0.117,0.121,56.80157563528635,55.247000066585635,14.652545,14.245893,0,0,0,23.715,0.0,False
68,3.441587787620676,0.34434913481323964,28,1.2604802938528687,-0.6707416277690643,0.30286435791382954,-0.41139426865235446,-0.7740622153824863,-1.5641707145221748,-1.000795392093741,1.0529962707836247,-0.8309351005537617,无,不洗,all in,0.496,0.143,0.128,0.109,0.124,33.42707786584296,32.81972556500041,7.3555627,7.128055,0,0,0,41.742,0.0,False
69,1.51784244072936,0.31727135546787044,30,1.1804528307914954,-0.4523151109070559,-0.22004249350320113,-0.9520739053721464,0.5216767965202843,1.7693335482466408,-0.9088249218086362,1.622924541030327,0.9357799079244005,无,专洗无用词条,all in,0.457,0.135,0.138,0.145,0.125,65.32682255664777,63.63533069094427,7.770384,7.423854,0,1,0,41.297,0.001,False
70,0.5290874572215889,0.4525042018836175,23,-0.020184417736959653,0.9445666362795102,0.5584035690229686,-0.3614221901372421,0.245208702847216,0.5266998162606547,-0.09545598760086482,-0.647640983476855,2.3233546136725924,无,随机洗,对冲,0.491,0.122,0.138,0.123,0.126,55.99638546900192,55.17062568604307,11.192784,10.835778,0,0,0,30.306,0.0,False
71,1.245646780247582,-1.0298639534017568,86,0.09241475415844627,-1.6077622017175135,-2.855638080573682,1.5330607119780766,0.6410879395385296,-0.07410472864863137,-0.6422428957572069,0.7298289947161093,0.7039042692361752,无,专洗元能力,对冲,0.474,0.13,0.138,0.109,0.149,26.58705211436638,26.775692207544477,1.1875594,0.44464788,0,194,192,82.223,0.194,False
72,1.4391042058520356,-1.0143990300401429,85,-0.9453747568000708,-1.2746884351758065,-0.5273667693985897,-1.9799880051284093,-1.0933570490484694,4.0,-1.0846411690796494,-0.7691288804138345,0.936193587777824,批判性思维,专洗元能力,对冲,0.48,0.122,0.135,0.132,0.131,185.63452482316944,183.55812203761093,6.8775454,6.781019,0,0,0,43.279,0.0,True
73,0.9626951609028447,0.42262413079797795,25,1.2544655684811554,0.08447132796332349,-1.1711593746924758,-1.0867278864177778,-0.7673216579431517,-0.7495021056675466,0.7935635253217156,-1.162862904922154,0.4477045630134843,无,专洗无用词条,all in,0.479,0.114,0.125,0.135,0.147,23.018189979434858,22.609441004270707,0.6287059,0.303823,0,46,36,86.078,0.046,False
74,0.25975136975081337,-0.4785381439248454,71,-1.5555747933927897,0.1763471102028536,1.0062111268051241,-0.2313462081239456,-1.2419638487409348,-0.9446590202388485,1.3934930057530528,-1.499412135141095,-0.32240211917025696,无,专洗无用词条,对冲,0.469,0.116,0.13,0.154,0.131,23.305633051058464,22.990303570107173,4.7525687,4.6773505,0,0,0,53.072,0.0,False
75,1.4589717104911522,-0.08902304717203724,52,-0.19532184847522474,0.015363306212954229,-0.04849025228911872,-0.17141225528536005,-0.8447825897696128,0.9961750552028645,-1.9903746431766904,1.507448020916429,-1.2263464530378139,无,不洗,对冲,0.49,0.15,0.116,0.132,0.112,30.691026193190613,30.223594379579108,3.5295246,3.4510722,0,0,0,60.231,0.0,False
76,0.44936313634118175,-0.6378581700351302,75,-0.2719651347215881,-0.9871424655306751,-0.8041124879876368,-2.015732161429655,-1.5986599803637325,-1.413887494296515,0.07001353481081396,-1.1573871341514015,-0.4614067804007091,无,专洗无用词条,对冲,0.5,0.127,0.118,0.121,0.134,9.342768896053899,9.13408657197802,0.21341664,0.08497014,0,200,200,92.935,0.2,False
77,0.7011563926603066,-0.20931375627509366,54,0.07865884157702988,-0.13532408184788539,-1.2705373483040197,-1.103418688017665,1.2631717669718485,0.7012828845958305,-0.2125037045468798,-2.068352555517,0.8561187095016103,无,随机洗,all in,0.468,0.134,0.123,0.14,0.135,30.232739907179315,29.86425166113719,1.3753098,0.79126775,0,65,58,78.924,0.065,False
78,4.045537637118839,-0.3881125795061411,66,-0.38264567379356057,-0.7343759876355254,0.5188557917011418,-1.044674500432074,-0.43309591149602383,1.0589938128996754,-0.7536798069165488,-0.7385455724876387,-1.5089351615837545,无,不洗,对冲,0.472,0.142,0.142,0.12,0.124,26.696508024061384,26.36745819378271,8.522445,8.182334,0,0,0,38.012,0.0,False
79,1.05197197046163,-0.8163095055398846,78,-0.4458564958149387,-1.1680535011386126,-0.9896845464514477,-0.3559016677651067,-1.4121756424071574,-1.4224302306811378,-0.06478764772661288,0.5385503555756737,0.20334594332228834,无,专洗元能力,对冲,0.473,0.133,0.142,0.125,0.127,16.82101645200107,16.525283405178392,0.5353561,0.22166483,0,11,1,87.392,0.011,False
80,0.7934770267864412,0.3976214754592181,26,0.8639245962149531,0.431259199881691,-1.0909884852679148,-1.8705947160540286,-0.08605529394307164,1.4207895283095404,-2.334192421780921,-0.03101529834715258,0.8601353858542828,无,不洗,all in,0.502,0.121,0.131,0.117,0.129,24.078340590444483,23.747323152999392,0.6482098,0.33053207,0,64,48,85.892,0.064,False
81,1.6707762208607018,-0.35148174513962877,65,-0.04448532380889698,-0.600954853459565,-0.6072093869453273,1.2963032600060855,-0.4747770936841678,-0.04655583522719427,-1.3501784008616287,1.6151066360540154,-1.0564459991635764,无,专洗无用词条,all in,0.493,0.143,0.124,0.122,0.118,36.237143139642264,35.374511929802566,1.8359327,1.7646183,0,10,1,73.103,0.01,False
82,1.2294916068767787,0.31246608977359425,32,1.354513645617122,-0.1063781731271676,-1.6967585433549577,0.4350720333051739,-1.3946137804394423,-0.4203966179351798,-0.4614167207729759,-0.03446183832047071,-0.21448804799323842,无,不洗,all in,0.486,0.132,0.122,0.135,0.125,21.82480690785688,21.49677759076169,0.6177572,0.24952233,0,46,35,86.47,0.046,False
83,1.124610296083494,-1.0816282359592746,90,-0.9624273618539794,-1.3128400324542628,-0.8226660676218586,-1.227765668993722,0.24346683039819603,-1.6150316755766216,-1.2284555793014214,0.29838327348568644,-0.3920720438367878,无,专洗元能力,对冲,0.503,0.129,0.138,0.124,0.106,16.931558794423964,16.709043969815184,0.96406984,0.5757562,0,15,3,82.41,0.015,False
84,1.3660297099587753,0.8416272034020272,11,1.4808013008275207,0.36245075046525055,0.2019087856236182,1.4229479741526845,0.30147333175346064,-0.030311092111988302,-1.0545930828395444,1.4030188117652318,1.606845642525576,无,专洗无用词条,all in,0.473,0.134,0.127,0.13,0.136,90.65041050666171,88.8483783027983,14.856768,14.270456,0,0,0,24.234,0.0,False
85,1.5693191445100325,-2.0735808612706847,99,-0.2946335317751129,-3.3355942529838853,-4.045053805188867,-2.015670494795696,-1.2616097111816962,-2.1363298779851276,-1.8629295893373503,-0.9608315607618583,1.7703288821915033,无,随机洗,对冲,0.471,0.115,0.133,0.135,0.146,3.632053514957081,3.1240114162211263,0.4947684,0.02159127,0,302,299,90.646,0.302,False
86,1.5541015377098206,0.1953474862364885,37,-0.20426147971928016,0.47875657329581517,0.6384168186122567,-0.7587917239538744,-1.273188608217364,-1.6238449003655093,0.25523130300305485,0.30983035004288173,1.9814142735939555,无,专洗元能力,all in,0.5,0.117,0.138,0.109,0.136,33.66310348916083,33.16616943159687,6.532834,6.3977575,0,0,0,44.819,0.0,False
87,1.1750458286055396,-0.8657834133537246,80,-0.8338807119602091,-0.7582716102616127,-1.2481896591132358,0.3684570501704269,2.435665067637003,1.5339211878435117,-1.672503906206537,0.6454855768651341,0.2573193273572951,无,不洗,对冲,0.471,0.145,0.138,0.123,0.123,49.241518323070224,48.534572438271866,7.710368,6.4011917,0,3,3,46.852,0.003,False
88,0.28045476949580034,1.016936702881276,10,0.5270383011250942,1.8435858297227934,0.28223423657244,-2.259532097757589,-1.8696081914685607,-0.1633445468972084,-1.228028937098276,-0.46394564132561494,-0.0003448807872013803,无,随机洗,对冲,0.488,0.128,0.126,0.127,0.131,21.398942230038294,20.989082727647915,2.4044764,2.4202852,0,5,5,67.39,0.005,False
89,1.9664124065861912,-0.056925941507841304,50,0.43685142452042186,-0.6061089782412413,-0.07376994163689732,-1.0096066153798786,0.10613713215821993,-0.5246760024634427,-0.031941730157377994,0.8191007819671586,-1.5621518426511904,无,随机洗,对冲,0.463,0.142,0.132,0.158,0.105,39.88416632393321,38.95428672804608,6.164865,5.9106812,0,0,0,47.036,0.0,False
90,0.7614267459048094,-2.6815781332932924,100,-2.97049255912824,-2.506958874243652,-2.2804862132541563,1.3841279603299792,-0.2740388949659822,0.7457334797137001,1.0941157422552787,-0.2489340544042136,-1.9364755863474918,无,不洗,对冲,0.472,0.14,0.124,0.136,0.128,13.139402117698108,12.974806305070686,0.43664896,0.14465228,0,207,203,89.944,0.207,False
91,0.9522087571766064,-0.05481681219783756,48,-0.4594188913978779,0.29863863151337844,0.21644157550570736,0.9911917815790017,1.5426061581626858,0.9811198468548468,0.7666878535099813,2.227437101254054,-0.4840347752380025,无,专洗无用词条,all in,0.48,0.13,0.133,0.133,0.124,138.2542027689212,134.52434463619772,33.099777,30.980663,0,0,0,12.881,0.0,False
92,2.8498143939400267,-1.0628574348345796,89,-1.0102561364147007,-1.2238936313525455,-0.7912314727129744,0.597061203338821,1.3217795959268879,0.5364127328160855,-0.22272796095373473,1.6741272713741207,1.274674578160331,无,随机洗,对冲,0.465,0.126,0.132,0.142,0.135,54.87864092237261,53.938333570200655,8.508234,7.6141367,0,1,0,41.451,0.001,False
93,0.192530771518069,-0.9650459450251307,83,-1.025650362808752,-0.7711628511512495,-1.3002542753379491,-1.1872647628819408,-1.915346748554016,-0.9569474124281487,0.43477068405534613,-0.28607972024304784,-0.04742043077532301,无,不洗,对冲,0.48,0.135,0.106,0.139,0.14,9.581531427496428,9.316010937313756,0.11474959,0.0,0,688,688,95.974,0.688,False
94,2.5726635981153976,-0.22474348798101523,56,-0.7977967204654228,0.22073747559638163,0.3064669732658161,0.47705064027454824,-1.0940789629740997,0.09012619647295729,0.24212769973410905,2.333792108192059,-1.3418854376498603,无,随机洗,对冲,0.487,0.121,0.138,0.123,0.131,50.28564845502155,49.537481420314734,8.35433,8.163206,0,0,0,37.63,0.0,False
95,0.47035032751579114,-1.0963201770777724,91,-0.8948218352975584,-1.3402648010134117,-1.0502962052567082,-1.5941021881645594,-1.3266914659863354,0.03521010214258662,-1.3001511003152766,-0.5465552596199695,-1.5305426153333732,无,不洗,对冲,0.488,0.12,0.131,0.132,0.129,9.477732415482023,9.274409196290204,0.23237433,0.09186587,0,212,207,92.353,0.212,False
96,0.2529303631280355,-0.17503465824496361,53,-0.1554417799286212,-0.180171170539152,-0.22011592707615515,-1.9001114189050063,0.46116058608742766,1.5399436824222765,-0.09889172425790943,-1.0187378504859648,0.2795655340981268,无,不洗,all in,0.465,0.112,0.158,0.143,0.122,32.16946720710791,31.92423090463951,2.465013,2.3801117,0,51,51,68.426,0.051,False
97,1.1450976429117825,-0.3115893152298654,63,-0.7798787303444092,-0.1064637016013785,0.5462772937711348,-0.9099098978275636,-1.2407433377541062,-1.576346472476678,0.7430102762697995,0.35602322963692784,-0.6630389792255075,无,随机洗,对冲,0.506,0.133,0.113,0.115,0.133,25.584405612865186,25.309132422716928,4.5174856,4.478623,0,0,0,54.351,0.0,False
98,0.5983309206969052,-0.013327367150597444,46,-0.4572316832341296,0.23759142660047583,0.6492687977638038,2.5268485963364133,2.1363872536355353,2.101262382269643,1.496607413040908,-0.9248218402998145,-1.2363708076426996,无,随机洗,all in,0.484,0.134,0.127,0.135,0.12,221.21815544204236,214.51876621032406,90.06107,85.43559,7,0,0,5.133,0.0,False
99,1.969353283043401,-0.28940093232744235,61,-0.32316900840399587,-0.29332620803980436,-0.17762930219814962,-0.6912688234667106,-0.14694034804473233,-0.37356162486660427,-0.12187671121333526,-0.13693473286608085,0.4391342864656248,无,专洗元能力,all in,0.47,0.14,0.115,0.139,0.136,34.18039354001181,33.05316412045991,4.5064564,4.3301716,0,1,0,55.059,0.001,False
